use gaoh_tecnica;

insert into estado_ficha (id,nombre, estado)values (1,'Terminada', true);
insert into estado_ficha (id,nombre, estado)values (2,'Cancelada', true);
insert into estado_ficha (id,nombre, estado)values (3,'Fusionada', true);
insert into estado_ficha (id,nombre, estado)values (4,'En ejecucion', true);
select * from estado_ficha;
insert into nivel_formacion (id,nivel_formacion, estado) VALUES (1,'TECNICO',true);
insert into nivel_formacion (id,nivel_formacion, estado) VALUES (2,'TECNOLOGO',true);
insert into nivel_formacion (id,nivel_formacion, estado) VALUES (3,'ESPECIALIZACION TECNOLOGICA',true);
select * from nivel_formacion;
insert into programa(codigo,version, nombre, sigla, estado, id_nivel_formacion) VALUES ('214506','1',' IMPLEMENTACION DE SISTEMAS DE INFORMACION GEOGRAFICA','ISIG',' En ejecución',1);
insert into programa(codigo,version, nombre, sigla, estado, id_nivel_formacion) VALUES ('217218','1','SEGURIDAD DE REDES DE COMPUTADORES','SRC',' Suspendido',1);
insert into programa(codigo,version, nombre, sigla, estado, id_nivel_formacion) VALUES ('217219','2','GESTION Y SEGURIDAD DE BASES DE DATOS','GSBD',' En ejecución',1);
insert into programa(codigo,version, nombre, sigla, estado, id_nivel_formacion) VALUES ('217317','1',' DESARROLLO DE APLICACIONES PARA DISPOSITIVOS MOVILES.\r\n','DADM',' En ejecución',1);
insert into programa(codigo,version, nombre, sigla, estado, id_nivel_formacion) VALUES ('228101','102',' PRODUCCION DE MULTIMEDIA','PDM',' En ejecución',1);
insert into programa(codigo,version, nombre, sigla, estado, id_nivel_formacion) VALUES ('228106','102',' ANALISIS Y DESARROLLO DE SISTEMAS DE INFORMACION ','ADSI',' En ejecución',2);
insert into programa(codigo,version, nombre, sigla, estado, id_nivel_formacion) VALUES ('228120','102',' PROGRAMACION DE SOFTWARE','PS',' En ejecución',1);
insert into programa(codigo,version, nombre, sigla, estado, id_nivel_formacion) VALUES ('228181','2','MANTENIMIENTO DE EQUIPOS DE COMPUTO','MEC',' Suspendido',1);
insert into programa(codigo,version, nombre, sigla, estado, id_nivel_formacion) VALUES ('228183','1',' GESTION DE REDES DE DATOS ','GRD',' Suspendido',1);
insert into programa(codigo,version, nombre, sigla, estado, id_nivel_formacion) VALUES ('228185','1',' SISTEMAS','S',' En ejecución',1);
insert into programa(codigo,version, nombre, sigla, estado, id_nivel_formacion) VALUES ('228187','1',' IMPLEMENTACION DE SOLUCIONES DE TELEFONIA IP','IST',' Suspendido',1);
insert into programa(codigo,version, nombre, sigla, estado, id_nivel_formacion) VALUES ('522202','v1',' ELABORACIÓN DE AUDIOVISUALES','EDA',' En ejecución',1);
insert into programa(codigo,version, nombre, sigla, estado, id_nivel_formacion) VALUES ('524139','2',' DISEÑO E INTEGRACION DE MULTIMEDIA','DIM',' En ejecución',1);
insert into programa(codigo,version, nombre, sigla, estado, id_nivel_formacion) VALUES ('839312','2',' MANTENIMIENTO DE EQUIPOS DE COMPUTO ','MEC',' Suspendido',1);
select * from programa;
insert into ficha(id_programa,numero_ficha,fecha_inicio,fecha_fin,ruta,id_estado_ficha)values (6, '1193334G1-G2', '12/08/2016','12/08/2019','2E FICHA: 901543 GRUPO 1',1);
insert into ficha(id_programa,numero_ficha,fecha_inicio,fecha_fin,ruta,id_estado_ficha)values (6, '1193334G2-G3', '12/08/2016','12/08/2019','3E FICHA 961290',1);
insert into ficha(id_programa,numero_ficha,fecha_inicio,fecha_fin,ruta,id_estado_ficha)values (6, '1193334G3-G2', '12/08/2016','12/08/2019','3E FICHA 961190',1);
insert into ficha(id_programa,numero_ficha,fecha_inicio,fecha_fin,ruta,id_estado_ficha)values (6, '1193354G1'   ,'12/08/2016' ,'12/08/2019','4E FICHA 1024281',1);
insert into ficha(id_programa,numero_ficha,fecha_inicio,fecha_fin,ruta,id_estado_ficha)values (6, '1193362-1193350','12/08/2016','12/08/2019','4E FICHA 1024316 GRUPO 1',1);
insert into ficha(id_programa,numero_ficha,fecha_inicio,fecha_fin,ruta,id_estado_ficha)values (6, '1193362G1-G2-1193350','12/08/2016','12/08/2019','4E FICHA 1124966',1);
insert into ficha(id_programa,numero_ficha,fecha_inicio,fecha_fin,ruta,id_estado_ficha)values (6, '1193427G1','12/08/2016','12/08/2019','4E FICHA 1124965',1);
insert into ficha(id_programa,numero_ficha,fecha_inicio,fecha_fin,ruta,id_estado_ficha)values (6, '1193427G2','12/08/2016','12/08/2019','1F FICHA 1091494',1);
insert into ficha(id_programa,numero_ficha,fecha_inicio,fecha_fin,ruta,id_estado_ficha)values (6, '1262139G1-G2','12/08/2017','12/08/2019','1F FICHA 1091453 GRUPO 1',1);
insert into ficha(id_programa,numero_ficha,fecha_inicio,fecha_fin,ruta,id_estado_ficha)values (6, '1262146G1-G3','12/08/2016','12/08/2019','1F FICHA 1091453 GRUPO 2',1);
insert into ficha(id_programa,numero_ficha,fecha_inicio,fecha_fin,ruta,id_estado_ficha)values (6, '1262146G2-G4', '12/08/2016','12/08/2019','1F FICHA 1091472',1);
insert into ficha(id_programa,numero_ficha,fecha_inicio,fecha_fin,ruta,id_estado_ficha)values (6, '1262154G1-G2', '12/08/2017','12/08/2019',' 4E FICHA 1125113',1);
insert into ficha(id_programa,numero_ficha,fecha_inicio,fecha_fin,ruta,id_estado_ficha)values (6, '1262247G1-G2', '12/08/2017','12/08/2019','1F FICHA 1091511',1);
insert into ficha(id_programa,numero_ficha,fecha_inicio,fecha_fin,ruta,id_estado_ficha)values (6, '1301388','12/08/2017','12/08/2019','1F FICHA 1091516 GRUPO 1', 1);
insert into ficha(id_programa,numero_ficha,fecha_inicio,fecha_fin,ruta,id_estado_ficha)values (6, '1320652G1','12/08/2017','12/08/2019','1F FICHA 1091525',1);
insert into ficha(id_programa,numero_ficha,fecha_inicio,fecha_fin,ruta,id_estado_ficha)values (6, '1320652G1-G3','12/08/2017','12/08/2019','1F FICHA 1091542',1);
insert into ficha(id_programa,numero_ficha,fecha_inicio,fecha_fin,ruta,id_estado_ficha)values (6, '1320652G2','12/08/2017','12/08/2019','2F FICHA 1132325 GRUPO 1',1);
insert into ficha(id_programa,numero_ficha,fecha_inicio,fecha_fin,ruta,id_estado_ficha)values (6, '1320652G3','12/08/2017','12/08/2019','2F FICHA 1132325 GRUPO 2',1);
insert into ficha(id_programa,numero_ficha,fecha_inicio,fecha_fin,ruta,id_estado_ficha)values (6, '1320652G4','12/08/2017','12/08/2019','2F FICHA 1132325 GRUPO 3',1);
insert into ficha(id_programa,numero_ficha,fecha_inicio,fecha_fin,ruta,id_estado_ficha)values (6, '1347104','12/08/2017','12/08/2019','2F FICHA 1132316 GRUPO 1', 1);
insert into ficha(id_programa,numero_ficha,fecha_inicio,fecha_fin,ruta,id_estado_ficha)values (6, '1349397','12/08/2017','12/08/2019','2F FICHA 1132316 GRUPO 2',1);
insert into ficha(id_programa,numero_ficha,fecha_inicio,fecha_fin,ruta,id_estado_ficha)values (6, '1366240G1','12/08/2017','12/08/2019','2F FICHA 1132322 GRUPO 1',1);
insert into ficha(id_programa,numero_ficha,fecha_inicio,fecha_fin,ruta,id_estado_ficha)values (6, '1366240G3','12/08/2017','12/08/2019','2F FICHA 1132322 GRUPO 2',1);
insert into ficha(id_programa,numero_ficha,fecha_inicio,fecha_fin,ruta,id_estado_ficha)values (6, '1366240G4','12/08/2017','12/08/2019','2F FICHA 1132322 GRUPO 4',1);
insert into ficha(id_programa,numero_ficha,fecha_inicio,fecha_fin,ruta,id_estado_ficha)values (6, '1366241G1','12/08/2017','12/08/2019','2F FICHA 1132320',3);
insert into ficha(id_programa,numero_ficha,fecha_inicio,fecha_fin,ruta,id_estado_ficha)values (6, '1366241G1-G2-G3','12/08/2018', '12/08/2019','2F FICHA 1132345 GRUPO 1',1);
insert into ficha(id_programa,numero_ficha,fecha_inicio,fecha_fin,ruta,id_estado_ficha)values (6, '1366241G2-G3','12/08/2018','12/08/2019','2F FICHA 1132345 GRUPO 2',3);
insert into ficha(id_programa,numero_ficha,fecha_inicio,fecha_fin,ruta,id_estado_ficha)values (6, '1366264G1-G2','12/08/2018','12/08/2019','2F FICHA 1132345 GRUPO 4',1);
insert into ficha(id_programa,numero_ficha,fecha_inicio,fecha_fin,ruta,id_estado_ficha)values (6, '1438303G1-G3','12/08/2018','12/08/2019','2F FICHA 1132218',1);
insert into ficha(id_programa,numero_ficha,fecha_inicio,fecha_fin,ruta,id_estado_ficha)values (6, '1438303G2-G3','12/08/2018','12/08/2019','2F FICHA 1132202',1);
insert into ficha(id_programa,numero_ficha,fecha_inicio,fecha_fin,ruta,id_estado_ficha)values (6, '1438306G1','12/08/2018','12/08/2019','3F FICHA 1193330 GRUPO 1',1);
insert into ficha(id_programa,numero_ficha,fecha_inicio,fecha_fin,ruta,id_estado_ficha)values (6, '1438318G1','12/08/2018','12/08/2019','3F FICHA 1193330 GRUPO 2',1);
insert into ficha(id_programa,numero_ficha,fecha_inicio,fecha_fin,ruta,id_estado_ficha)values (6, '1438862G1','12/08/2018','12/08/2019','3F FICHA 1193330 GRUPO 3',1);
insert into ficha(id_programa,numero_ficha,fecha_inicio,fecha_fin,ruta,id_estado_ficha)values (6, '1438862G2','12/08/2018','12/08/2019','3F FICHA 1193332 GRUPO 1',1);
insert into ficha(id_programa,numero_ficha,fecha_inicio,fecha_fin,ruta,id_estado_ficha)values (6, '1438864G1','12/08/2018','12/08/2019','3F FICHA 1193333',1);
insert into ficha(id_programa,numero_ficha,fecha_inicio,fecha_fin,ruta,id_estado_ficha)values (6, '1438916','12/08/2018','12/08/2019','3F FICHA 1193334 GRUPO 1',1);
insert into ficha(id_programa,numero_ficha,fecha_inicio,fecha_fin,ruta,id_estado_ficha)values (6, '1488683','12/08/2018','12/08/2019','3F FICHA 1193334 GRUPO 2',1);
insert into ficha(id_programa,numero_ficha,fecha_inicio,fecha_fin,ruta,id_estado_ficha)values (6, '1494879','12/08/2018','12/08/2019','3F FICHA 1193334 GRUPO 3',1);
insert into ficha(id_programa,numero_ficha,fecha_inicio,fecha_fin,ruta,id_estado_ficha)values (6, '1503782','12/08/2018','12/08/2019','3F FICHA 1193354 GRUPO 1',1);
insert into ficha(id_programa,numero_ficha,fecha_inicio,fecha_fin,ruta,id_estado_ficha)values (6, '1503783','12/08/2018','12/08/2019','3F FICHA 1193362 GRUPO 1',2);
insert into ficha(id_programa,numero_ficha,fecha_inicio,fecha_fin,ruta,id_estado_ficha)values (6, '1503783-1503799','12/08/2016','12/08/2019','3F FICHA 1193362 GRUPO 2',1);
insert into ficha(id_programa,numero_ficha,fecha_inicio,fecha_fin,ruta,id_estado_ficha)values (6, '1503794G1','12/08/2016','12/08/2019','3F FICHA 1193363 GRUPO 1',3);
insert into ficha(id_programa,numero_ficha,fecha_inicio,fecha_fin,ruta,id_estado_ficha)values (6, '1503794G1-G2','12/08/2016','12/08/2019','3F FICHA 1193363 GRUPO 2',1);
insert into ficha(id_programa,numero_ficha,fecha_inicio,fecha_fin,ruta,id_estado_ficha)values (6, '1503794G2','12/08/2016','12/08/2019','3F FICHA 1193365',3);
insert into ficha(id_programa,numero_ficha,fecha_inicio,fecha_fin,ruta,id_estado_ficha)values (6,'1503794G3','12/08/2016','12/08/2019','3F FICHA 1193408 GRUPO 1',1);
insert into ficha(id_programa,numero_ficha,fecha_inicio,fecha_fin,ruta,id_estado_ficha)values (6,'1503794G3-G2','12/08/2016','12/08/2019','3F FICHA 1193408 GRUPO 2',1);
insert into ficha(id_programa,numero_ficha,fecha_inicio,fecha_fin,ruta,id_estado_ficha)values (6,'1503794G4','12/08/2016','12/08/2019','3F FICHA 1193427 GRUPO 1',1);
insert into ficha(id_programa,numero_ficha,fecha_inicio,fecha_fin,ruta,id_estado_ficha)values (6,'1503799','12/08/2016','12/08/2019','3F FICHA 1193427 GRUPO 2',1);
insert into ficha(id_programa,numero_ficha,fecha_inicio,fecha_fin,ruta,id_estado_ficha)values (6,'1503931','12/08/2017','12/08/2019','3F FICHA 1193422',1);
insert into ficha(id_programa,numero_ficha,fecha_inicio,fecha_fin,ruta,id_estado_ficha)values (6,'1503934','12/08/2017','12/08/2019','4F FICHA 1262121',1);
insert into ficha(id_programa,numero_ficha,fecha_inicio,fecha_fin,ruta,id_estado_ficha)values (6,'1506195','12/08/2017','12/08/2019','4F FICHA 1262146 G1',1);
insert into ficha(id_programa,numero_ficha,fecha_inicio,fecha_fin,ruta,id_estado_ficha)values (6,'1506196','12/08/2017','12/08/2019','4F FICHA 1262146 G2',1);
insert into ficha(id_programa,numero_ficha,fecha_inicio,fecha_fin,ruta,id_estado_ficha)values (6,'1566598','12/08/2017','12/08/2019','4F FICHA 1262146 G3',1);
insert into ficha(id_programa,numero_ficha,fecha_inicio,fecha_fin,ruta,id_estado_ficha)values (6,'1566614G1','12/08/2017','12/08/2019','4F FICHA 1262146 G4',1);
insert into ficha(id_programa,numero_ficha,fecha_inicio,fecha_fin,ruta,id_estado_ficha)values (6,'1566614G2','12/08/2017','12/08/2019','4F FICHA 1262139 GRUPO 1',1);
insert into ficha(id_programa,numero_ficha,fecha_inicio,fecha_fin,ruta,id_estado_ficha)values (6,'1566620','12/08/2017','12/08/2019','4F FICHA 1262154 GRUPO 1',1);
insert into ficha(id_programa,numero_ficha,fecha_inicio,fecha_fin,ruta,id_estado_ficha)values (6,'1578606','12/08/2017','12/08/2019','4F FICHA 1262157 GRUPO 1',1);
insert into ficha(id_programa,numero_ficha,fecha_inicio,fecha_fin,ruta,id_estado_ficha)values (6,'1578615','12/08/2017','12/08/2019','4F FICHA 1262157 GRUPO 2',1);
insert into ficha(id_programa,numero_ficha,fecha_inicio,fecha_fin,ruta,id_estado_ficha)values (6,'1578648','12/08/2017','12/08/2019','4F FICHA 1262157 GRUPO 3',1);
insert into ficha(id_programa,numero_ficha,fecha_inicio,fecha_fin,ruta,id_estado_ficha)values (6,'1578650','12/08/2017','12/08/2019','4F FICHA 1262157 GRUPO 4',1);
insert into ficha(id_programa,numero_ficha,fecha_inicio,fecha_fin,ruta,id_estado_ficha)values (6,'1578666','12/08/2017','12/08/2019','4F FICHA 1262161',1);
insert into ficha(id_programa,numero_ficha,fecha_inicio,fecha_fin,ruta,id_estado_ficha)values (6,'1578682','12/08/2017','12/08/2019','4F FICHA 1262243 GRUPO 1',1);
insert into ficha(id_programa,numero_ficha,fecha_inicio,fecha_fin,ruta,id_estado_ficha)values (6,'1578684','12/08/2017','12/08/2019','4F FICHA 1262247 GRUPO 1',1);
insert into ficha(id_programa,numero_ficha,fecha_inicio,fecha_fin,ruta,id_estado_ficha)values (6,'1578696','12/08/2017','12/08/2019','4F FICHA 1301388',1);
insert into ficha(id_programa,numero_ficha,fecha_inicio,fecha_fin,ruta,id_estado_ficha)values (6,'1579298','12/08/2017','12/08/2019','4F FICHA 1262251 GRUPO 1',1);
insert into ficha(id_programa,numero_ficha,fecha_inicio,fecha_fin,ruta,id_estado_ficha)values (6,'1593501','12/08/2017','12/08/2019','4F FICHA 1262258 GRUPO 1',1);
insert into ficha(id_programa,numero_ficha,fecha_inicio,fecha_fin,ruta,id_estado_ficha)values (6,'1621230','12/08/2017','12/08/2019','4F FICHA1262268 GRUPO 1',1);
insert into ficha(id_programa,numero_ficha,fecha_inicio,fecha_fin,ruta,id_estado_ficha)values (6,'1621389','12/08/2017','12/08/2019','4F FICHA 1347104',1);
insert into ficha(id_programa,numero_ficha,fecha_inicio,fecha_fin,ruta,id_estado_ficha)values (6,'1621397','12/08/2016','12/08/2019','4F FICHA 1347117',1);
insert into ficha(id_programa,numero_ficha,fecha_inicio,fecha_fin,ruta,id_estado_ficha)values (6,'1621415','12/08/2016','12/08/2019','4F FICHA 1347118',1);
insert into ficha(id_programa,numero_ficha,fecha_inicio,fecha_fin,ruta,id_estado_ficha)values (6,'1621427','12/08/2016','12/08/2019','1G FICHA 1320639',1);
insert into ficha(id_programa,numero_ficha,fecha_inicio,fecha_fin,ruta,id_estado_ficha)values (6,'1621480G1','12/08/2016','12/08/2019','1G FICHA 1320653',1);
insert into ficha(id_programa,numero_ficha,fecha_inicio,fecha_fin,ruta,id_estado_ficha)values (6,'1621480G2','12/08/2016','12/08/2019','1G FICHA 1320683',1);
insert into ficha(id_programa,numero_ficha,fecha_inicio,fecha_fin,ruta,id_estado_ficha)values (6,'1621480G3','12/08/2016','12/08/2019','1G FICHA 1320684 GRUPO 1',1);
insert into ficha(id_programa,numero_ficha,fecha_inicio,fecha_fin,ruta,id_estado_ficha)values (6,'1621656','12/08/2016','12/08/2019','1G FICHA 1320684 GRUPO 2',1);
insert into ficha(id_programa,numero_ficha,fecha_inicio,fecha_fin,ruta,id_estado_ficha)values (6,'1621666','12/08/2016','12/08/2019','1G FICHA 1320684 GRUPO 3',1);
insert into ficha(id_programa,numero_ficha,fecha_inicio,fecha_fin,ruta,id_estado_ficha)values (6,'1694086','12/08/2016','12/08/2019','1G FICHA 1320684 GRUPO 4',1);
insert into ficha(id_programa,numero_ficha,fecha_inicio,fecha_fin,ruta,id_estado_ficha)values (6,'1694164','12/08/2016','12/08/2019','1G FICHA 1320684 GRUPO 5',1);
insert into ficha(id_programa,numero_ficha,fecha_inicio,fecha_fin,ruta,id_estado_ficha)values (6,'1694165','12/08/2016','12/08/2019','4G FICHA 1355285',1);
insert into ficha(id_programa,numero_ficha,fecha_inicio,fecha_fin,ruta,id_estado_ficha)values (6,'1694167','12/08/2016','12/08/2019','1G FICHA 1320685 GRUPO 1',1);
insert into ficha(id_programa,numero_ficha,fecha_inicio,fecha_fin,ruta,id_estado_ficha)values (6,'1738484','12/08/2016','12/08/2019','1G FICHA 1320685 GRUPO 2',1);
insert into ficha(id_programa,numero_ficha,fecha_inicio,fecha_fin,ruta,id_estado_ficha)values (6,'1739202','12/08/2016','12/08/2019','1G FICHA 1320685 GRUPO 3',1);
insert into ficha(id_programa,numero_ficha,fecha_inicio,fecha_fin,ruta,id_estado_ficha)values (6,'193362G1','12/08/2016','2/08/2019','1G FICHA 1320652 GRUPO 1',1);
select * from ficha;
insert into jornada(sigla, nombre, descripcion,imagen, estado) VALUES ('D','Diurna',' Lunes a Viernes 6:00 a.m. a 6:00 p.m.','null',true);
insert into jornada(sigla, nombre, descripcion,imagen, estado) VALUES ('FDS','findesemana',' Sábado y domingo 7:00 a.m. a 5:00 p.m.','null',true);
insert into jornada(sigla, nombre, descripcion,imagen, estado) VALUES ('M','Mixta',' Sábado y Domingo 7:00 a.m. a 5:00 p.m.\r\nDos dias lunes a viernes 6:00 p.m. a 10:00 p.m.','null',true);
insert into jornada(sigla, nombre, descripcion,imagen, estado) VALUES ('N','Nocturna ',' Lunes a Viernes 6:00 p.m. a \r\n 10:00 p.m.','null',true);
select * from jornada;
insert into trimestre(nombre, id_jornada, id_nivel_formacion) VALUES ('primer  trimestre  tecnologo diurno',1,2);
insert into trimestre(nombre, id_jornada, id_nivel_formacion) VALUES ('segundo trimestre  tecnologo diurno',1,2);
insert into trimestre(nombre, id_jornada, id_nivel_formacion) VALUES ('tercer  trimestre  tecnologo diurno',1,2);
insert into trimestre(nombre, id_jornada, id_nivel_formacion) VALUES ('cuarto  trimestre  tecnologo diurno',1,2);
insert into trimestre(nombre, id_jornada, id_nivel_formacion) VALUES ('quinto  trimestre  tecnologo diurno',1,2);
insert into trimestre(nombre, id_jornada, id_nivel_formacion) VALUES ('sexto   trimestre  tecnologo diurno',1,2);
insert into trimestre(nombre, id_jornada, id_nivel_formacion) VALUES ('primer  trimestre  tecnico diurno',1,1);
insert into trimestre(nombre, id_jornada, id_nivel_formacion) VALUES ('segundo trimestre  tecnico diurno',1,1);
insert into trimestre(nombre, id_jornada, id_nivel_formacion) VALUES ('primer  trimestre  tecnologo nocturno',4,2);
insert into trimestre(nombre, id_jornada, id_nivel_formacion) VALUES ('segundo trimestre  tecnologo nocturno',4,2);
insert into trimestre(nombre, id_jornada, id_nivel_formacion) VALUES ('tercer  trimestre  tecnologo nocturno',4,2);
insert into trimestre(nombre, id_jornada, id_nivel_formacion) VALUES ('cuarto  trimestre  tecnologo nocturno',4,2);
insert into trimestre(nombre, id_jornada, id_nivel_formacion) VALUES ('quinto  trimestre  tecnologo nocturno',4,2);
insert into trimestre(nombre, id_jornada, id_nivel_formacion) VALUES ('sexto   trimestre  tecnologo nocturno',4,2);
insert into trimestre(nombre, id_jornada, id_nivel_formacion) VALUES ('septimo trimestre  tecnologo nocturno',4,2);
insert into trimestre(nombre, id_jornada, id_nivel_formacion) VALUES ('octavo  trimestre  tecnologo nocturno',4,2);
insert into trimestre(nombre, id_jornada, id_nivel_formacion) VALUES ('primer  trimestre tecnico nocturno',4,1);
insert into trimestre(nombre, id_jornada, id_nivel_formacion) VALUES ('segundo trimestre tecnico nocturno',4,1);
insert into trimestre(nombre, id_jornada, id_nivel_formacion) VALUES ('tercer  trimestre tecnico nocturno',4,1);
insert into trimestre(nombre, id_jornada, id_nivel_formacion) VALUES ('cuarto  trimestre tecnico nocturno',4,1);
insert into trimestre(nombre, id_jornada, id_nivel_formacion) VALUES ('primer  trimestre tecnologo fds ',2,2);
insert into trimestre(nombre, id_jornada, id_nivel_formacion) VALUES ('segundo trimestre tecnologo fds ',2,2);
insert into trimestre(nombre, id_jornada, id_nivel_formacion) VALUES ('tercer  trimestre tecnologo fds ',2,2);
insert into trimestre(nombre, id_jornada, id_nivel_formacion) VALUES ('cuarto  trimestre tecnologo fds ',2,2);
insert into trimestre(nombre, id_jornada, id_nivel_formacion) VALUES ('quinto  trimestre tecnologo fds ',2,2);
insert into trimestre(nombre, id_jornada, id_nivel_formacion) VALUES ('sexto   trimestre tecnologo fds ',2,2);
insert into trimestre(nombre, id_jornada, id_nivel_formacion) VALUES ('septimo trimestre tecnologo fds ',2,2);
insert into trimestre(nombre, id_jornada, id_nivel_formacion) VALUES ('octavo  trimestre tecnologo fds ',2,2);
insert into trimestre(nombre, id_jornada, id_nivel_formacion) VALUES ('primer  trimestre tecnico fds',2,1);
insert into trimestre(nombre, id_jornada, id_nivel_formacion) VALUES ('segundo trimestre tecnico fds',2,1);
insert into trimestre(nombre, id_jornada, id_nivel_formacion) VALUES ('tercer  trimestre tecnico fds',2,1);
insert into trimestre(nombre, id_jornada, id_nivel_formacion) VALUES ('cuarto  trimestre tecnico fds',2,1);
select * from trimestre;
insert into ficha_has_trimestre(id_ficha, id_trimestre) VALUES (1,4);
insert into ficha_has_trimestre(id_ficha, id_trimestre) VALUES (2,21);
insert into ficha_has_trimestre(id_ficha, id_trimestre) VALUES (3,7);
insert into ficha_has_trimestre(id_ficha, id_trimestre) VALUES (4,8);
insert into ficha_has_trimestre(id_ficha, id_trimestre) VALUES (5,8);
insert into ficha_has_trimestre(id_ficha, id_trimestre) VALUES (6,21);
insert into ficha_has_trimestre(id_ficha, id_trimestre) VALUES (7,22);
insert into ficha_has_trimestre(id_ficha, id_trimestre) VALUES (8,7);
insert into ficha_has_trimestre(id_ficha, id_trimestre) VALUES (9,8);
insert into ficha_has_trimestre(id_ficha, id_trimestre) VALUES (10,21);
insert into ficha_has_trimestre(id_ficha, id_trimestre) VALUES (11,8);
insert into ficha_has_trimestre(id_ficha, id_trimestre) VALUES (12,6);
insert into ficha_has_trimestre(id_ficha, id_trimestre) VALUES (13,7);
insert into ficha_has_trimestre(id_ficha, id_trimestre) VALUES (14,21);
insert into ficha_has_trimestre(id_ficha, id_trimestre) VALUES (15,1);
insert into ficha_has_trimestre(id_ficha, id_trimestre) VALUES (16,1);
insert into ficha_has_trimestre(id_ficha, id_trimestre) VALUES (17,8);
insert into ficha_has_trimestre(id_ficha, id_trimestre) VALUES (18,8);
insert into ficha_has_trimestre(id_ficha, id_trimestre) VALUES (19,23);
insert into ficha_has_trimestre(id_ficha, id_trimestre) VALUES (20,22);
insert into ficha_has_trimestre(id_ficha, id_trimestre) VALUES (21,2);
insert into ficha_has_trimestre(id_ficha, id_trimestre) VALUES (22,1);
insert into ficha_has_trimestre(id_ficha, id_trimestre) VALUES (23,2);
insert into ficha_has_trimestre(id_ficha, id_trimestre) VALUES (24,1);
insert into ficha_has_trimestre(id_ficha, id_trimestre) VALUES (25,2);
insert into ficha_has_trimestre(id_ficha, id_trimestre) VALUES (26,1);
insert into ficha_has_trimestre(id_ficha, id_trimestre) VALUES (27,2);
insert into ficha_has_trimestre(id_ficha, id_trimestre) VALUES (28,2);
insert into ficha_has_trimestre(id_ficha, id_trimestre) VALUES (29,4);
insert into ficha_has_trimestre(id_ficha, id_trimestre) VALUES (30,6);
insert into ficha_has_trimestre(id_ficha, id_trimestre) VALUES (31,7);
insert into ficha_has_trimestre(id_ficha, id_trimestre) VALUES (32,6);
insert into ficha_has_trimestre(id_ficha, id_trimestre) VALUES (33,4);
insert into ficha_has_trimestre(id_ficha, id_trimestre) VALUES (34,8);
insert into ficha_has_trimestre(id_ficha, id_trimestre) VALUES (35,6);
insert into ficha_has_trimestre(id_ficha, id_trimestre) VALUES (36,4);
insert into ficha_has_trimestre(id_ficha, id_trimestre) VALUES (37,8);
insert into ficha_has_trimestre(id_ficha, id_trimestre) VALUES (38,1);
insert into ficha_has_trimestre(id_ficha, id_trimestre) VALUES (39,4);
insert into ficha_has_trimestre(id_ficha, id_trimestre) VALUES (40,1);
insert into ficha_has_trimestre(id_ficha, id_trimestre) VALUES (41,1);
insert into ficha_has_trimestre(id_ficha, id_trimestre) VALUES (42,8);
insert into ficha_has_trimestre(id_ficha, id_trimestre) VALUES (43,1);
insert into ficha_has_trimestre(id_ficha, id_trimestre) VALUES (44,8);
insert into ficha_has_trimestre(id_ficha, id_trimestre) VALUES (45,3);
insert into ficha_has_trimestre(id_ficha, id_trimestre) VALUES (46,22);
insert into ficha_has_trimestre(id_ficha, id_trimestre) VALUES (47,1);
insert into ficha_has_trimestre(id_ficha, id_trimestre) VALUES (48,2);
insert into ficha_has_trimestre(id_ficha, id_trimestre) VALUES (49,4);
insert into ficha_has_trimestre(id_ficha, id_trimestre) VALUES (50,7);
insert into ficha_has_trimestre(id_ficha, id_trimestre) VALUES (51,1);
insert into ficha_has_trimestre(id_ficha, id_trimestre) VALUES (52,8);
insert into ficha_has_trimestre(id_ficha, id_trimestre) VALUES (53,1);
insert into ficha_has_trimestre(id_ficha, id_trimestre) VALUES (54,22);
insert into ficha_has_trimestre(id_ficha, id_trimestre) VALUES (55,24);
insert into ficha_has_trimestre(id_ficha, id_trimestre) VALUES (56,22);
insert into ficha_has_trimestre(id_ficha, id_trimestre) VALUES (57,24);
insert into ficha_has_trimestre(id_ficha, id_trimestre) VALUES (58,2);
insert into ficha_has_trimestre(id_ficha, id_trimestre) VALUES (59,1);
insert into ficha_has_trimestre(id_ficha, id_trimestre) VALUES (60,1);
insert into ficha_has_trimestre(id_ficha, id_trimestre) VALUES (61,2);
insert into ficha_has_trimestre(id_ficha, id_trimestre) VALUES (62,1);
insert into ficha_has_trimestre(id_ficha, id_trimestre) VALUES (63,7);
insert into ficha_has_trimestre(id_ficha, id_trimestre) VALUES (64,1);
insert into ficha_has_trimestre(id_ficha, id_trimestre) VALUES (65,8);
insert into ficha_has_trimestre(id_ficha, id_trimestre) VALUES (66,1);
insert into ficha_has_trimestre(id_ficha, id_trimestre) VALUES (67,1);
insert into ficha_has_trimestre(id_ficha, id_trimestre) VALUES (68,2);
insert into ficha_has_trimestre(id_ficha, id_trimestre) VALUES (69,22);
insert into ficha_has_trimestre(id_ficha, id_trimestre) VALUES (70,23);
insert into ficha_has_trimestre(id_ficha, id_trimestre) VALUES (71,21);
insert into ficha_has_trimestre(id_ficha, id_trimestre) VALUES (72,21);
insert into ficha_has_trimestre(id_ficha, id_trimestre) VALUES (73,1);
insert into ficha_has_trimestre(id_ficha, id_trimestre) VALUES (74,7);
insert into ficha_has_trimestre(id_ficha, id_trimestre) VALUES (75,7);
insert into ficha_has_trimestre(id_ficha, id_trimestre) VALUES (76,8);
insert into ficha_has_trimestre(id_ficha, id_trimestre) VALUES (77,4);
insert into ficha_has_trimestre(id_ficha, id_trimestre) VALUES (78,1);
insert into ficha_has_trimestre(id_ficha, id_trimestre) VALUES (79,1);
insert into ficha_has_trimestre(id_ficha, id_trimestre) VALUES (80,8);
insert into ficha_has_trimestre(id_ficha, id_trimestre) VALUES (81,2);
insert into ficha_has_trimestre(id_ficha, id_trimestre) VALUES (82,1);
insert into ficha_has_trimestre(id_ficha, id_trimestre) VALUES (83,2);
select * from ficha_has_trimestre;
insert into planeacion (id,planeacion, estado)values (1,'ADSI-DIURNO', true);
insert into planeacion (id,planeacion, estado)values (2,'ADSI-NOCTURNO-FDSM', true);
select * from planeacion;
insert into competencia(id_programa, codigo, descripcion) VALUES (6,'220501006',' Especificar los requisitos necesarios para desarrollar el sistema de información de acuerdo con las necesidades del cliente');
insert into competencia(id_programa, codigo, descripcion) VALUES (4,'220501007',' CONSTRUIR EL SISTEMA QUE CUMPLA CON LOS REQUISITOS DE LA SOLUCIÓN\r\nINFORMÁTICA');
insert into competencia(id_programa, codigo, descripcion) VALUES (6,'220501007',' Construir el sistema que cumpla con los requisitos de la solución informática');
insert into competencia(id_programa, codigo, descripcion) VALUES (7,'220501007',' CONSTRUIR EL SISTEMA QUE CUMPLA CON LOS REQUISITOS DE LA SOLUCIÓN INFORMÁTICA');
insert into competencia(id_programa, codigo, descripcion) VALUES (6,'220501009',' Participar en el proceso de negociación de Tecnología informática para permitir la implementación del sistema de información');
insert into competencia(id_programa, codigo, descripcion) VALUES (6,'220501032',' Analizar los requisitos del cliente para construir el sistema de información');
insert into competencia(id_programa, codigo, descripcion) VALUES (7,'220501032',' ANALIZAR LOS REQUISITOS DEL CLIENTE PARA CONSTRUIR EL SISTEMA DE INFORMACION');
insert into competencia(id_programa, codigo, descripcion) VALUES (6,'220501033',' Diseñar el sistema de acuerdo con los requerimientos del cliente');
insert into competencia(id_programa, codigo, descripcion) VALUES (6,'220501034',' Implantar la solución que cumpla con los requerimientos para su operación');
insert into competencia(id_programa, codigo, descripcion) VALUES (6,'220501035',' Aplicar buenas prácticas de calidad en el proceso de desarrollo de software  de acuerdo con el referente adoptado en la empresa ');
insert into competencia(id_programa, codigo, descripcion) VALUES (5,'240201500',' Promover la interacción idónea consigo mismo  con los demás y con la naturaleza en los contextos laboral y social');
insert into competencia(id_programa, codigo, descripcion) VALUES (6,'240201500',' Promover la interacción idónea consigo mismo  con los demás y con la naturaleza en los contextos laboral y social');
insert into competencia(id_programa, codigo, descripcion) VALUES (7,'240201500',' PROMOVER LA INTERACCIÓN IDÓNEA CONSIGO MISMO  CON LOS DEMÁS Y CON LA NATURALEZA EN LOS CONTEXTOS LABORAL Y SOCIAL ');
insert into competencia(id_programa, codigo, descripcion) VALUES (8,'240201500',' Promover la interacción idónea consigo mismo  con los demás y con la naturaleza en los contextos laboral y social');
insert into competencia(id_programa, codigo, descripcion) VALUES (9,'240201500',' Promover la interacción idónea consigo mismo  con los demás y con la naturaleza en los contextos laboral y social');
insert into competencia(id_programa, codigo, descripcion) VALUES (10,'240201500',' Promover la interacción idónea consigo mismo  con los demás y con la naturaleza en los contextos laboral y social');
insert into competencia(id_programa, codigo, descripcion) VALUES (13,'240201500',' promover la interacción idónea consigo mismo  con los demás y con la naturaleza en los contextos laboral y social');
insert into competencia(id_programa, codigo, descripcion) VALUES (14,'240201500',' promover la interacción idónea consigo mismo  con los demás y con la naturaleza en los contextos laboral y social');
insert into competencia(id_programa, codigo, descripcion) VALUES (5,'240201501',' Comprender textos en inglés en forma escrita y auditiva');
insert into competencia(id_programa, codigo, descripcion) VALUES (6,'240201501',' Comprender textos en inglés en forma escrita y auditiva');
insert into competencia(id_programa, codigo, descripcion) VALUES (7,'240201501',' COMPRENDER TEXTOS EN INGLÉS EN FORMA ESCRITA Y AUDITIVA');
insert into competencia(id_programa, codigo, descripcion) VALUES (8,'240201501',' Comprender textos en inglés en forma escrita y auditiva');
insert into competencia(id_programa, codigo, descripcion) VALUES (9,'240201501',' Comprender textos en inglés en forma escrita y auditiva');
insert into competencia(id_programa, codigo, descripcion) VALUES (10,'240201501','Comprender textos en inglés en forma escrita y auditiva');
insert into competencia(id_programa, codigo, descripcion) VALUES (13,'240201501',' Comprender textos en inglés en forma escrita y auditiva');
insert into competencia(id_programa, codigo, descripcion) VALUES (14,'240201501',' comprender textos en inglés en forma escrita y auditiva');
insert into competencia(id_programa, codigo, descripcion) VALUES (5,'240201502',' Producir textos en inglés en forma escrita y oral');
insert into competencia(id_programa, codigo, descripcion) VALUES (6,'240201502',' Producir textos en inglés en forma escrita y oral');
insert into competencia(id_programa, codigo, descripcion) VALUES (8,'240201502',' Producir textos en inglés en forma escrita y oral');
insert into competencia(id_programa, codigo, descripcion) VALUES (9,'240201502',' Producir textos en inglés en forma escrita y oral');
select * from competencia;
insert into resultado_aprendizaje(id_competencia, codigo, descripcion)  values (9,'220501034 01','Configurar el software de la aplicación para cliente y servidor, mediante la utilización del hardware disponible,  ejecutándola en la plataforma tecnológica, según normas y protocolos establecidos por la empresa');
insert into resultado_aprendizaje(id_competencia, codigo, descripcion) values (9,'220501034 01','Configurar el software de la aplicación para cliente y servidor, mediante la utilización del hardware disponible,  ejecutándola en la plataforma tecnológica, según normas y protocolos establecidos por la empresa');
insert into resultado_aprendizaje(id_competencia, codigo, descripcion) values (10,'220501035 01','Identificar las características de los procesos de desarrollo de software, frente al referente de calidad adoptado por la empresa, ajustándolos a los resultados de las mediciones, evaluaciones y recomendaciones realizadas');
insert into resultado_aprendizaje(id_competencia, codigo, descripcion) values (11,'24020150010','Reconocer el rol de los participantes en el proceso formativo, el papel de los ambientes de aprendizaje y la metodología de formación, de acuerdo con la dinámica organizacional del SENA');
insert into resultado_aprendizaje(id_competencia, codigo, descripcion) values (12,'24020150014','Concertar alternativas y acciones de formación para el desarrollo de las competencias del programa formación, con base en la política institucional.');
insert into resultado_aprendizaje(id_competencia, codigo, descripcion) values (13,'24020150013','Identificar las oportunidades que el SENA ofrece en el marco de la formación profesional de acuerdo con el contexto nacional e internacional');
insert into resultado_aprendizaje(id_competencia, codigo, descripcion) values (14,'24020150012','Gestionar la información de acuerdo con los procedimientos establecidos y con las tecnologías de la información y la comunicación disponible.');
insert into resultado_aprendizaje(id_competencia, codigo, descripcion) values (15,'24020150002','Asumir actitudes críticas , argumentativas y propositivas en función de la resolución de problemas de carácter productivo y social.');
insert into resultado_aprendizaje(id_competencia, codigo, descripcion) values (16,'24020150005','Desarrollar procesos comunicativos eficaces y asertivos dentro de criterios de racionalidad que posibiliten la convivencia, el establecimiento de acuerdos, la construcción colectiva del conocimiento y la resolución de problemas de carácter productivo y social');
insert into resultado_aprendizaje(id_competencia, codigo, descripcion) values (17,'24020150011','Asumir los deberes y derechos con base en las leyes y la normativa institucional en el marco de su proyecto de vida.');
insert into resultado_aprendizaje(id_competencia, codigo, descripcion) values (18,'24020150007','Generar hábitos saludables en su estilo de vida para garantizar la prevención de riesgos ocupacionales de acuerdo con el diagnóstico de su condición física individual y la naturaleza y complejidad de su desempeño laboral.');
insert into resultado_aprendizaje(id_competencia, codigo, descripcion) values (19,'24020150101','Comprender frases y vocabulario habitual sobre temas de interés personal y temas técnicos');
insert into resultado_aprendizaje(id_competencia, codigo, descripcion) values (20,'24020150102','Comprender la idea principal en avisos y mensajes breves, claros y sencillos en inglés técnico.');
insert into resultado_aprendizaje(id_competencia, codigo, descripcion) values (21,'24020150103','Leer textos muy breves y sencillos en inglés general y técnico.');
insert into resultado_aprendizaje(id_competencia, codigo, descripcion) values (22,'24020150104','Encontrar información específica y predecible en escritos sencillos y cotidianos.');
insert into resultado_aprendizaje(id_competencia, codigo, descripcion) values (23,'24020150105','Encontrar vocabulario y expresiones de inglés técnico en anuncios, folletos, páginas web, etc.');
insert into resultado_aprendizaje(id_competencia, codigo, descripcion) values (24,'24020150106','Comunicarse en tareas sencillas y habituales que requieren un intercambio simple y directo de información cotidiana y técnica.');
insert into resultado_aprendizaje(id_competencia, codigo, descripcion) values (25,'24020150107','Realizar intercambios sociales y prácticos muy breves, con un vocabulario suficiente para hacer una exposición o mantener una conversación sencilla sobre temas técnicos.');
insert into resultado_aprendizaje(id_competencia, codigo, descripcion) values (26,'24020150108','Relacionarse con hablantes nativos en un grado suficiente de fluidez y naturalidad, de modo que la comunicación se realice sin esfuerzo por parte de los interlocutores.');
insert into resultado_aprendizaje(id_competencia, codigo, descripcion) values (27,'24020150201','Reproducir en inglés frases o enunciados simples que permitan expresar de forma lenta ideas o conceptos.');
insert into resultado_aprendizaje(id_competencia, codigo, descripcion) values (28,'24020150202','Identificar formas gramaticales básicas en textos y documentos elementales escritos en inglés.');
insert into resultado_aprendizaje(id_competencia, codigo, descripcion) values (29,'24020150204','Comprender las ideas principales de textos complejos en inglés que tratan de temas tanto concretos como abstractos, incluso si son de carácter técnico, siempre que estén dentro de su campo de especialización');
insert into resultado_aprendizaje(id_competencia, codigo, descripcion) values (30,'24020150205','Leer textos complejos y con un vocabulario más específico, en inglés general y técnico.');
insert into resultado_aprendizaje(id_competencia, codigo, descripcion) values (1,'220501006-01','Aplicar las técnicas de recolección de datos , diseñando los instrumentos necesarios para el procesamiento de información, de acuerdo con la situación planteada por la empresa');
insert into resultado_aprendizaje(id_competencia, codigo, descripcion) values (2,'220501007 01','Interpretar el informe técnico de diseño, para determinar el plan de trabajo durante la fase de construcción del software, de acuerdo con las normas y protocolos establecidos en la empresa.');
insert into resultado_aprendizaje(id_competencia, codigo, descripcion) values (3,'220501007 02','Construir la base de datos, a partir del modelo de datos determinado en el diseño del sistema, utilizando sistemas de gestión de base de datos, según los protocolos establecidos en la organización.');
insert into resultado_aprendizaje(id_competencia, codigo, descripcion) values (4,'220501007 03','Construir la interfaz de usuario, apoyado en la evaluación del prototipo, determinando las entradas y salidas requeridas en el diseño y definiendo los lineamientos para la navegación, de acuerdo con las necesidades del usuario.');
insert into resultado_aprendizaje(id_competencia, codigo, descripcion) values (5,'220501009 01','Interpretar el diagnóstico de necesidades informáticas, para determinar las tecnológicas requeridas en el manejo de la información, de acuerdo con las normas y protocolos establecidos por la empresa.');
insert into resultado_aprendizaje(id_competencia, codigo, descripcion) values (6,'220501032 01','Interpretar el informe de requerimientos, para determinar las necesidades tecnológicas en el manejo de la información, de acuerdo con las normas y protocolos establecidos en la empresa.');
insert into resultado_aprendizaje(id_competencia, codigo, descripcion) values (7,'220501032 02','Representa el bosquejo de la solución al problema presentado por el cliente, mediante la elaboración de diagramas de casos de uso, apoyado en el análisis del informe de requerimientos, al confrontar la situación problemica con el usuario según normas y protocolos de la organización');
insert into resultado_aprendizaje(id_competencia, codigo, descripcion) values (8,'220501033 05','Aplicar políticas y mecanismos de control en el diseño del sistema de información, mediante el análisis de la vulnerabilidad de la información, siguiendo los parámetros establecidos por la organización.');
select * from resultado_aprendizaje;
insert into resultado_vistos(id_ficha_has_trimestre, id_resultado_aprendizaje) values ('47','2');
insert into resultado_vistos(id_ficha_has_trimestre, id_resultado_aprendizaje) values ('48','3');
insert into resultado_vistos(id_ficha_has_trimestre, id_resultado_aprendizaje) values ('49','4');
insert into resultado_vistos(id_ficha_has_trimestre, id_resultado_aprendizaje) values ('50','5');
insert into resultado_vistos(id_ficha_has_trimestre, id_resultado_aprendizaje) values ('51','6');
insert into resultado_vistos(id_ficha_has_trimestre, id_resultado_aprendizaje) values ('52','7');
insert into resultado_vistos(id_ficha_has_trimestre, id_resultado_aprendizaje) values ('53','8');
insert into resultado_vistos(id_ficha_has_trimestre, id_resultado_aprendizaje) values ('54','9');
insert into resultado_vistos(id_ficha_has_trimestre, id_resultado_aprendizaje) values ('55','10');
insert into resultado_vistos(id_ficha_has_trimestre, id_resultado_aprendizaje) values ('56','11');
insert into resultado_vistos(id_ficha_has_trimestre, id_resultado_aprendizaje) values ('57','12');
insert into resultado_vistos(id_ficha_has_trimestre, id_resultado_aprendizaje) values ('58','13');
insert into resultado_vistos(id_ficha_has_trimestre, id_resultado_aprendizaje) values ('59','14');
insert into resultado_vistos(id_ficha_has_trimestre, id_resultado_aprendizaje) values ('60','15');
insert into resultado_vistos(id_ficha_has_trimestre, id_resultado_aprendizaje) values ('61','16');
insert into resultado_vistos(id_ficha_has_trimestre, id_resultado_aprendizaje) values ('62','17');
insert into resultado_vistos(id_ficha_has_trimestre, id_resultado_aprendizaje) values ('63','18');
insert into resultado_vistos(id_ficha_has_trimestre, id_resultado_aprendizaje) values ('64','19');
insert into resultado_vistos(id_ficha_has_trimestre, id_resultado_aprendizaje) values ('65','20');
insert into resultado_vistos(id_ficha_has_trimestre, id_resultado_aprendizaje) values ('66','21');
insert into resultado_vistos(id_ficha_has_trimestre, id_resultado_aprendizaje) values ('67','22');
insert into resultado_vistos(id_ficha_has_trimestre, id_resultado_aprendizaje) values ('68','23');
insert into resultado_vistos(id_ficha_has_trimestre, id_resultado_aprendizaje) values ('69','24');
insert into resultado_vistos(id_ficha_has_trimestre, id_resultado_aprendizaje) values ('70','25');
insert into resultado_vistos(id_ficha_has_trimestre, id_resultado_aprendizaje) values ('71','26');
insert into resultado_vistos(id_ficha_has_trimestre, id_resultado_aprendizaje) values ('72','27');
insert into resultado_vistos(id_ficha_has_trimestre, id_resultado_aprendizaje) values ('73','28');
insert into resultado_vistos(id_ficha_has_trimestre, id_resultado_aprendizaje) values ('74','29');
insert into resultado_vistos(id_ficha_has_trimestre, id_resultado_aprendizaje) values ('75','30');
select * from resultado_vistos;
insert into planeacion_trimestre(id_planeacion, id_resultado_aprendizaje, id_trimestre) values (1,1,1);
insert into planeacion_trimestre(id_planeacion, id_resultado_aprendizaje, id_trimestre) values (2,2,2);
insert into planeacion_trimestre(id_planeacion, id_resultado_aprendizaje, id_trimestre) values (1,3,3);
insert into planeacion_trimestre(id_planeacion, id_resultado_aprendizaje, id_trimestre) values (1,4,4);
insert into planeacion_trimestre(id_planeacion, id_resultado_aprendizaje, id_trimestre) values (1,5,5);
insert into planeacion_trimestre(id_planeacion, id_resultado_aprendizaje, id_trimestre) values (2,6,6);
insert into planeacion_trimestre(id_planeacion, id_resultado_aprendizaje, id_trimestre) values (2,7,7);
insert into planeacion_trimestre(id_planeacion, id_resultado_aprendizaje, id_trimestre) values (1,8,8);
insert into planeacion_trimestre(id_planeacion, id_resultado_aprendizaje, id_trimestre) values (1,9,9);
insert into planeacion_trimestre(id_planeacion, id_resultado_aprendizaje, id_trimestre) values (2,10,10);
insert into planeacion_trimestre(id_planeacion, id_resultado_aprendizaje, id_trimestre) values (1,11,11);
insert into planeacion_trimestre(id_planeacion, id_resultado_aprendizaje, id_trimestre) values (1,12,12);
insert into planeacion_trimestre(id_planeacion, id_resultado_aprendizaje, id_trimestre) values (1,13,13);
insert into planeacion_trimestre(id_planeacion, id_resultado_aprendizaje, id_trimestre) values (2,14,14);
insert into planeacion_trimestre(id_planeacion, id_resultado_aprendizaje, id_trimestre) values (1,15,15);
insert into planeacion_trimestre(id_planeacion, id_resultado_aprendizaje, id_trimestre) values (1,16,16);
insert into planeacion_trimestre(id_planeacion, id_resultado_aprendizaje, id_trimestre) values (1,17,17);
insert into planeacion_trimestre(id_planeacion, id_resultado_aprendizaje, id_trimestre) values (1,18,18);
insert into planeacion_trimestre(id_planeacion, id_resultado_aprendizaje, id_trimestre) values (2,19,19);
insert into planeacion_trimestre(id_planeacion, id_resultado_aprendizaje, id_trimestre) values (2,20,20);
insert into planeacion_trimestre(id_planeacion, id_resultado_aprendizaje, id_trimestre) values (1,21,21);
insert into planeacion_trimestre(id_planeacion, id_resultado_aprendizaje, id_trimestre) values (1,22,22);
insert into planeacion_trimestre(id_planeacion, id_resultado_aprendizaje, id_trimestre) values (1,23,23);
insert into planeacion_trimestre(id_planeacion, id_resultado_aprendizaje, id_trimestre) values (1,24,24);
insert into planeacion_trimestre(id_planeacion, id_resultado_aprendizaje, id_trimestre) values (1,25,25);
insert into planeacion_trimestre(id_planeacion, id_resultado_aprendizaje, id_trimestre) values (2,26,26);
insert into planeacion_trimestre(id_planeacion, id_resultado_aprendizaje, id_trimestre) values (2,27,27);
insert into planeacion_trimestre(id_planeacion, id_resultado_aprendizaje, id_trimestre) values (1,28,28);
insert into planeacion_trimestre(id_planeacion, id_resultado_aprendizaje, id_trimestre) values (1,29,29);
insert into planeacion_trimestre(id_planeacion, id_resultado_aprendizaje, id_trimestre) values (1,30,30);
select * from planeacion_trimestre;
insert into proyecto(codigo, nombre, estado) VALUES ('576887','SISTEMA INTEGRAL WEB PARA GESTION DE PROCESOS EDUCATIVOS DEL CEET',true);
select * from proyecto;
insert into fase(id_proyecto, nombre, estado) VALUES (1,'Análisis',true);
insert into fase(id_proyecto, nombre, estado) VALUES (1,'Planeación',true);
insert into fase(id_proyecto, nombre, estado) VALUES (1,'Ejecución',true);
insert into fase(id_proyecto, nombre, estado) VALUES (1,'Evaluación',true);
select * from fase;
insert into actividad(id_fase, numero, nombre) VALUES (1,1,'Actividades de  inducción en la formación profesional integral SENA');
insert into actividad(id_fase, numero, nombre) VALUES (1,2,'Determinar los requerimientos del sistema según especificaciones y lineamientos del proyecto');
insert into actividad(id_fase, numero, nombre) VALUES (1,3,'Analizar procesos, datos y necesidades del centro de electricidad, electronica y telecomunicaciones y el usuario final para el modulo especifico');
insert into actividad(id_fase, numero, nombre) VALUES (2,4,'Especificar Modelo Conceptual del sistema,especificando necesidades y requerimientos.');
insert into actividad(id_fase, numero, nombre) VALUES (2,5,'Determinar la estructura lógica del sistema.');
insert into actividad(id_fase, numero, nombre) VALUES (2,6,'Diseñar  la estructura tecnológica  del sistema integral.');
insert into actividad(id_fase, numero, nombre) VALUES (3,7,'Desarrollar la estructura de datos y de vista de la aplicación del modulo');
insert into actividad(id_fase, numero, nombre) VALUES (3,8,'Desarrollo los módulos del sistema integral web de acuerdo a los estándares de calidad y normatividad  legal vigente.');
insert into actividad(id_fase, numero, nombre) VALUES (4,9,'Preparar documentación del proceso de implantación del sistema.');
insert into actividad(id_fase, numero, nombre) VALUES (4,10,'Desarrollar las tareas de configuración y puesta en marcha del sistema. ');
insert into actividad(id_fase, numero, nombre) VALUES (4,11,'Elaborar informes y procesos de evaluación para la validación de los productos e implantación del sistema determinando recursos');
select * from actividad;
insert into ra_has_actividad(id_actividad, id_planeacion_trimestre) values (1,1);
insert into ra_has_actividad(id_actividad, id_planeacion_trimestre) values (2,2);
insert into ra_has_actividad(id_actividad, id_planeacion_trimestre) values (3,3);
insert into ra_has_actividad(id_actividad, id_planeacion_trimestre) values (4,4);
insert into ra_has_actividad(id_actividad, id_planeacion_trimestre) values (5,5);
insert into ra_has_actividad(id_actividad, id_planeacion_trimestre) values (7,7);
insert into ra_has_actividad(id_actividad, id_planeacion_trimestre) values (8,8);
insert into ra_has_actividad(id_actividad, id_planeacion_trimestre) values (9,9);
insert into ra_has_actividad(id_actividad, id_planeacion_trimestre) values (10,10);
insert into ra_has_actividad(id_actividad, id_planeacion_trimestre) values (11,11);
select * from ra_has_actividad;
insert into sede(nombre, direccion, estado) VALUES ('Barrio Colombia','Cl. 69 #20-36, Bogotá',true);
insert into sede(nombre, direccion, estado) VALUES ('Restrepo','N° D-68, Cl. 22 Sur #212, Bogotá',true);
insert into sede(nombre, direccion, estado) VALUES ('Ricaurte','Cl. 12 ##30-33, Bogotá',true);
insert into sede(nombre, direccion, estado) VALUES ('Centro De Electricidad De Electronica y Comunicaciones','Av. 1 de Mayo #33-98, Bogotá',true);
select * from sede;
insert into ambiente(id_sede, numero, descripcion, estado, limitacion) values (1,'100','null',true,2);
insert into ambiente(id_sede, numero, descripcion, estado, limitacion) values (1,'AUDITORIO','null',true,1);
insert into ambiente(id_sede, numero, descripcion, estado, limitacion) values (1,'103','null',true,2);
insert into ambiente(id_sede, numero, descripcion, estado, limitacion) values (1,'200','null',true,2);
insert into ambiente(id_sede, numero, descripcion, estado, limitacion) values (1,'201','null',true,2);
insert into ambiente(id_sede, numero, descripcion, estado, limitacion) values (1,'202','null',true,2);
insert into ambiente(id_sede, numero, descripcion, estado, limitacion) values (1,'300','null',true,2);
insert into ambiente(id_sede, numero, descripcion, estado, limitacion) values (1,'301','null',true,2);
insert into ambiente(id_sede, numero, descripcion, estado, limitacion) values (1,'302','null',true,2);
insert into ambiente(id_sede, numero, descripcion, estado, limitacion) values (1,'303','null',true,2);
insert into ambiente(id_sede, numero, descripcion, estado, limitacion) values (1,'305','null',true,2);
insert into ambiente(id_sede, numero, descripcion, estado, limitacion) values (1,'307','null',true,2);
insert into ambiente(id_sede, numero, descripcion, estado, limitacion) values (1,'400','null',true,2);
insert into ambiente(id_sede, numero, descripcion, estado, limitacion) values (1,'401','null',true,2);
insert into ambiente(id_sede, numero, descripcion, estado, limitacion) values (1,'402','null',true,2);
insert into ambiente(id_sede, numero, descripcion, estado, limitacion) values (1,'403','null',true,2);
insert into ambiente(id_sede, numero, descripcion, estado, limitacion) values (1,'405','null',true,2);
insert into ambiente(id_sede, numero, descripcion, estado, limitacion) values (1,'407','null',true,2);
insert into ambiente(id_sede, numero, descripcion, estado, limitacion) values (1,'CAFE-LIBRO','null',true,1);
select * from ambiente;
insert into dia(nombre, estado) values ('Lunes',true);
insert into dia(nombre, estado) values ('Martes',true);
insert into dia(nombre, estado) values ('Miercoles',true);
insert into dia(nombre, estado) values ('Jueves',true);
insert into dia(nombre, estado) values ('Viernes',true);
insert into dia(nombre, estado) values ('Sabado',true);
insert into dia(nombre, estado) values ('Domingo',true);
select * from dia;
insert into modalidad(nombre, estado, color) VALUES ('Presencial',true,'amarillo');
insert into modalidad(nombre, estado, color) values ('Virtual',true,'Gris');
select * from modalidad;
insert into trimestre_vigente (trimestre_actual,anio,fecha_inicio,fecha_fin,estado) values ('1',2018,'1000-01-01','9999-12-31',true);
insert into trimestre_vigente (trimestre_actual,anio,fecha_inicio,fecha_fin,estado) values ('2',2018,'1000-01-01','9999-12-31',true);
insert into trimestre_vigente (trimestre_actual,anio,fecha_inicio,fecha_fin,estado) values ('3',2018,'1000-01-01','9999-12-31',true);
insert into trimestre_vigente (trimestre_actual,anio,fecha_inicio,fecha_fin,estado) values ('4',2018,'1000-01-01','9999-12-31',true);
insert into trimestre_vigente (trimestre_actual,anio,fecha_inicio,fecha_fin,estado) values ('5',2018,'1000-01-01','9999-12-31',true);
insert into trimestre_vigente (trimestre_actual,anio,fecha_inicio,fecha_fin,estado) values ('6',2018,'1000-01-01','9999-12-31',true);
insert into trimestre_vigente (trimestre_actual,anio,fecha_inicio,fecha_fin,estado) values ('7',2018,'1000-01-01','9999-12-31',true);
insert into trimestre_vigente (trimestre_actual,anio,fecha_inicio,fecha_fin,estado) values ('8',2018,'1000-01-01','9999-12-31',true);
select * from trimestre_vigente;
insert into version (id_trimestre_vigente, numero, activa) VALUES (1,1,true);
select * from version;
insert into limitacion_ambiente(id_resultado_aprendizaje, id_ambiente) values (1,1);
insert into limitacion_ambiente(id_resultado_aprendizaje, id_ambiente) values (2,2);
insert into limitacion_ambiente(id_resultado_aprendizaje, id_ambiente) values (3,3);
insert into limitacion_ambiente(id_resultado_aprendizaje, id_ambiente) values (4,4);
insert into limitacion_ambiente(id_resultado_aprendizaje, id_ambiente) values (5,5);
insert into limitacion_ambiente(id_resultado_aprendizaje, id_ambiente) values (6,6);
insert into limitacion_ambiente(id_resultado_aprendizaje, id_ambiente) values (7,7);
insert into limitacion_ambiente(id_resultado_aprendizaje, id_ambiente) values (8,8);
insert into limitacion_ambiente(id_resultado_aprendizaje, id_ambiente) values (9,9);
insert into limitacion_ambiente(id_resultado_aprendizaje, id_ambiente) values (10,10);
insert into limitacion_ambiente(id_resultado_aprendizaje, id_ambiente) values (11,11);
insert into limitacion_ambiente(id_resultado_aprendizaje, id_ambiente) values (12,12);
insert into limitacion_ambiente(id_resultado_aprendizaje, id_ambiente) values (13,13);
insert into limitacion_ambiente(id_resultado_aprendizaje, id_ambiente) values (14,14);
insert into limitacion_ambiente(id_resultado_aprendizaje, id_ambiente) values (15,15);
insert into limitacion_ambiente(id_resultado_aprendizaje, id_ambiente) values (16,16);
insert into limitacion_ambiente(id_resultado_aprendizaje, id_ambiente) values (17,17);
insert into limitacion_ambiente(id_resultado_aprendizaje, id_ambiente) values (18,18);
insert into limitacion_ambiente(id_resultado_aprendizaje, id_ambiente) values (19,19);
select * from limitacion_ambiente;
insert into documento (tipo,nombre,estado) values ('CC','CEDULA DE CIUDADNIA', true);
insert into documento (tipo,nombre,estado) values ('TI','TARJETA DE IDENTIDAD', true);
insert into documento (tipo,nombre,estado) values ('CE','CEDULA DE EXTRANJERIA', true);
select * from documento;
insert into usuario(id_documento, numero_documento, primer_nombre, segundo_nombre, primer_apellido, segundo_apellido, foto, correo, contrasenia, fecha_fin) values (1,'1012433958','ROBINSON','ANDRES','CORTES','',null,'racortes92@misena.edu.co','racortes92@misena.edu.co','19/12/2018');
insert into usuario(id_documento, numero_documento, primer_nombre, segundo_nombre, primer_apellido, segundo_apellido, foto, correo, contrasenia, fecha_fin) values (1,'1014188142','ERNESTO','ALEXANDER','CORTES','FARFAN',null,'EACORTES2@MISENA.EDU.CO','EACORTES2@MISENA.EDU.CO','19/12/2018');
insert into usuario(id_documento, numero_documento, primer_nombre, segundo_nombre, primer_apellido, segundo_apellido, foto, correo, contrasenia, fecha_fin) values (1,'1018424087','ANNIE','','MALDONADO','',null,'anniemms@misena.edu.co','anniemms@misena.edu.co','19/12/2018');
insert into usuario(id_documento, numero_documento, primer_nombre, segundo_nombre, primer_apellido, segundo_apellido, foto, correo, contrasenia, fecha_fin) values (1,'1026256946','CRISTIAN','CAMILO','MORALES','PIRAJON',null,'ccbarrera6@misena.edu.co','ccbarrera6@misena.edu.co','23/12/2017');
insert into usuario(id_documento, numero_documento, primer_nombre, segundo_nombre, primer_apellido, segundo_apellido, foto, correo, contrasenia, fecha_fin) values (1,'1030553623','DAVID','','BOHORQUEZ','CARO',null,'david.bohorquez@outlook.com','david.bohorquez@outlook.com','19/12/2018');
insert into usuario(id_documento, numero_documento, primer_nombre, segundo_nombre, primer_apellido, segundo_apellido, foto, correo, contrasenia, fecha_fin) values (1,'1032412460','MAURICIO','','ROMERO','NADER',null,'MROMERO064@MISENA.EDU.CO','MROMERO064@MISENA.EDU.CO','19/12/2018');
insert into usuario(id_documento, numero_documento, primer_nombre, segundo_nombre, primer_apellido, segundo_apellido, foto, correo, contrasenia, fecha_fin) values (1,'1033781013','OSCAR','ANDRES','HERNANDEZ','ARIZA',null,'ooscar1995@gmail.com','ooscar1995@gmail.com','12/09/2017');
insert into usuario(id_documento, numero_documento, primer_nombre, segundo_nombre, primer_apellido, segundo_apellido, foto, correo, contrasenia, fecha_fin) values (1,'1075239657','JUAN','PABLO','VALDES','',null,'juapab.echeverry@misena.edu.co','juapab.echeverry@misena.edu.co','19/12/2018');
insert into usuario(id_documento, numero_documento, primer_nombre, segundo_nombre, primer_apellido, segundo_apellido, foto, correo, contrasenia, fecha_fin) values (1,'1077431133','ARCE','','JONATTAN','SMITH',null,'jonattansmith@misena.edu.co','jonattansmith@misena.edu.co','19/12/2018');
insert into usuario(id_documento, numero_documento, primer_nombre, segundo_nombre, primer_apellido, segundo_apellido, foto, correo, contrasenia, fecha_fin) values (1,'1121832605','EDUAR','SMITH','BOHORQUEZ','BELTRAN',null,'esbohorquez@misena.edu.co','esbohorquez@misena.edu.co','19/12/2018');
insert into usuario(id_documento, numero_documento, primer_nombre, segundo_nombre, primer_apellido, segundo_apellido, foto, correo, contrasenia, fecha_fin) values (1,'11315985','JAVIER','FRANCISCO','LEÓN','NARE',null,'jaflen@misena.edu.co','jaflen@misena.edu.co','23/12/2017');
insert into usuario(id_documento, numero_documento, primer_nombre, segundo_nombre, primer_apellido, segundo_apellido, foto, correo, contrasenia, fecha_fin) values (1,'11318769','SERGIO','','ARANGO','GONZALEZ',null,'sergio.arango@misena.edu.co','sergio.arango@misena.edu.co','22/12/2017');
insert into usuario(id_documento, numero_documento, primer_nombre, segundo_nombre, primer_apellido, segundo_apellido, foto, correo, contrasenia, fecha_fin) values (1,'17901022','JARBY','JAVIER','MEJIA','BRITO',null,'jmejiab@misena.edu.co','jmejiab@misena.edu.co','23/12/2017');
insert into usuario(id_documento, numero_documento, primer_nombre, segundo_nombre, primer_apellido, segundo_apellido, foto, correo, contrasenia, fecha_fin) values (1,'19151403','JAIRO','','BUSTOS','VELASQUEZ',null,'jairovb@misena.edu.co','jairovb@misena.edu.co','19/12/2018');
insert into usuario(id_documento, numero_documento, primer_nombre, segundo_nombre, primer_apellido, segundo_apellido, foto, correo, contrasenia, fecha_fin) values (1,'19357773','MANUEL','OLIVO','MORENO','HERRERA',null,'momoreno@misena.edu.co','momoreno@misena.edu.co','19/12/2018');
insert into usuario(id_documento, numero_documento, primer_nombre, segundo_nombre, primer_apellido, segundo_apellido, foto, correo, contrasenia, fecha_fin) values (1,'19418118','JORGE','ALONSO','FLOREZ','ROJANO',null,'jaflorezr@misena.edu.co','jaflorezr@misena.edu.co','19/12/2018');
insert into usuario(id_documento, numero_documento, primer_nombre, segundo_nombre, primer_apellido, segundo_apellido, foto, correo, contrasenia, fecha_fin) values (1,'28540464','LEIDY','JOHANNA','CIFUENTES','MARTINEZ',null,'cifuentes0903@misena.edu.co','cifuentes0903@misena.edu.co','19/12/2018');
insert into usuario(id_documento, numero_documento, primer_nombre, segundo_nombre, primer_apellido, segundo_apellido, foto, correo, contrasenia, fecha_fin) values (1,'35422861','DIANA','','PINZON','',null,'dpinzoncas@misena.edu.co','dpinzoncas@misena.edu.co','19/12/2018');
insert into usuario(id_documento, numero_documento, primer_nombre, segundo_nombre, primer_apellido, segundo_apellido, foto, correo, contrasenia, fecha_fin) values (1,'39573531','MARIA','ALEJANDRA','GARCIA','ROMERO',null,'alejagarcia@misena.edu.co','alejagarcia@misena.edu.co','19/12/2018');
insert into usuario(id_documento, numero_documento, primer_nombre, segundo_nombre, primer_apellido, segundo_apellido, foto, correo, contrasenia, fecha_fin) values (1,'52531524','JOHANA','LETICIA','MORA','DAZA',null,'johana20044@gmail.com','johana20044@gmail.com','19/12/2018');
insert into usuario(id_documento, numero_documento, primer_nombre, segundo_nombre, primer_apellido, segundo_apellido, foto, correo, contrasenia, fecha_fin) values (1,'52961282','ANDREA','CAROLINA','CAMACHO','YÁÑEZ',null,'accamacho28@misena.edu.co','accamacho28@misena.edu.co','19/12/2018');
insert into usuario(id_documento, numero_documento, primer_nombre, segundo_nombre, primer_apellido, segundo_apellido, foto, correo, contrasenia, fecha_fin) values (1,'53013351','DIANA','MARIA','MAHECHA','VESGA',null,'dmmahecha1@misena.edu.co','dmmahecha1@misena.edu.co','19/12/2018');
insert into usuario(id_documento, numero_documento, primer_nombre, segundo_nombre, primer_apellido, segundo_apellido, foto, correo, contrasenia, fecha_fin) values (1,'53046684','OLGA','LUCIA','DUQUE','MANRIQUE',null,'olgaludm@gmail.com','olgaludm@gmail.com','19/12/2018');
insert into usuario(id_documento, numero_documento, primer_nombre, segundo_nombre, primer_apellido, segundo_apellido, foto, correo, contrasenia, fecha_fin) values (1,'53075708','LEIDY','','NAHIR','FONSECA',null,'nairfon@misena.edu.co','nairfon@misena.edu.co','19/12/2018');
insert into usuario(id_documento, numero_documento, primer_nombre, segundo_nombre, primer_apellido, segundo_apellido, foto, correo, contrasenia, fecha_fin) values (1,'55228385','SANDRA','MILENA','PEÑARANDA','SALAZAR',null,'spenaranda@misena.edu.co','spenaranda@misena.edu.co','19/12/2018');
insert into usuario(id_documento, numero_documento, primer_nombre, segundo_nombre, primer_apellido, segundo_apellido, foto, correo, contrasenia, fecha_fin) values (1,'60377930','SONIA','YAMILE','ORTEGA','CARRILLO',null,'soniayamile01@gmail.com','soniayamile01@gmail.com','19/12/2018');
insert into usuario(id_documento, numero_documento, primer_nombre, segundo_nombre, primer_apellido, segundo_apellido, foto, correo, contrasenia, fecha_fin) values (1,'6103538','JUAN','CARLOS','ARBELAEZ','RODRIGUEZ',null,'arjuan83@misena.edu.co','arjuan83@misena.edu.co','23/12/2017');
insert into usuario(id_documento, numero_documento, primer_nombre, segundo_nombre, primer_apellido, segundo_apellido, foto, correo, contrasenia, fecha_fin) values (1,'6567039','JOSE','ALEXANDER','ALVARADO','CABRERA',null,'jose.alvaradoc@misena.edu.co','jose.alvaradoc@misena.edu.co','20/12/2017');
insert into usuario(id_documento, numero_documento, primer_nombre, segundo_nombre, primer_apellido, segundo_apellido, foto, correo, contrasenia, fecha_fin) values (1,'7186130','RICARDO','AUGUSTO','CASTELBLANCO','SEPULVEDA',null,'ricardocas@misena.edu.co','ricardocas@misena.edu.co','19/12/2018');
insert into usuario(id_documento, numero_documento, primer_nombre, segundo_nombre, primer_apellido, segundo_apellido, foto, correo, contrasenia, fecha_fin) values (1,'7318214','DEMETRIO','MAURICIO','ESTUPIÑAN','FINO',null,'mauricio_estupian@yahoo.com','mauricio_estupian@yahoo.com','19/12/2018');
insert into usuario(id_documento, numero_documento, primer_nombre, segundo_nombre, primer_apellido, segundo_apellido, foto, correo, contrasenia, fecha_fin) values (1,'7688181','EDUBIN','','TORRES','PEÑA',null,'etorres18188@misena.edu.co','etorres18188@misena.edu.co','19/12/2018');
insert into usuario(id_documento, numero_documento, primer_nombre, segundo_nombre, primer_apellido, segundo_apellido, foto, correo, contrasenia, fecha_fin) values (1,'79212967','FABIAN','ALEJANDRO','RODRIGUEZ','LOPEZ',null,'fabianalejandro@misena.edu.co','fabianalejandro@misena.edu.co','19/12/2018');
insert into usuario(id_documento, numero_documento, primer_nombre, segundo_nombre, primer_apellido, segundo_apellido, foto, correo, contrasenia, fecha_fin) values (1,'79283043','RAUL','ERNESTO','ORTIZ','GARZON',null,'rortizg@misena.edu.co','rortizg@misena.edu.co','19/12/2018');
insert into usuario(id_documento, numero_documento, primer_nombre, segundo_nombre, primer_apellido, segundo_apellido, foto, correo, contrasenia, fecha_fin) values (1,'79369666','VÍCTOR','MANUEL','MORENO','PEREZ',null,'victorbahia@misena.edu.co','victorbahia@misena.edu.co','19/12/2018');
insert into usuario(id_documento, numero_documento, primer_nombre, segundo_nombre, primer_apellido, segundo_apellido, foto, correo, contrasenia, fecha_fin) values (1,'79447030','MIGUEL','ANGEL','LOPEZ','CACHO',null,'malopez030@misena.edu.co','malopez030@misena.edu.co','19/12/2018');
insert into usuario(id_documento, numero_documento, primer_nombre, segundo_nombre, primer_apellido, segundo_apellido, foto, correo, contrasenia, fecha_fin) values (1,'79484046','GERARDO','','PARDO','',null,'gpardobello@yahoo.com','gpardobello@yahoo.com','19/12/2018');
insert into usuario(id_documento, numero_documento, primer_nombre, segundo_nombre, primer_apellido, segundo_apellido, foto, correo, contrasenia, fecha_fin) values (1,'79638745','MILCON','MILCON','MONTENEGRO','GAMBA',null,'mmontenegro54@misena.edu.co','mmontenegro54@misena.edu.co','21/12/2017');
insert into usuario(id_documento, numero_documento, primer_nombre, segundo_nombre, primer_apellido, segundo_apellido, foto, correo, contrasenia, fecha_fin) values (1,'79690002','DANIEL','FERNANDO','MORA','DIAZ',null,'daniel.mora@misena.edu.co','daniel.mora@misena.edu.co','19/12/2018');
insert into usuario(id_documento, numero_documento, primer_nombre, segundo_nombre, primer_apellido, segundo_apellido, foto, correo, contrasenia, fecha_fin) values (1,'79754079','ANDRES','','MOSQUERA','',null,'amosquerap@misena.edu.co','amosquerap@misena.edu.co','23/12/2017');
insert into usuario(id_documento, numero_documento, primer_nombre, segundo_nombre, primer_apellido, segundo_apellido, foto, correo, contrasenia, fecha_fin) values (1,'79828247','EDGAR','','VALCARCEL','',null,'edgarvalcarcel@hotmail.com','edgarvalcarcel@hotmail.com','23/12/2017');
insert into usuario(id_documento, numero_documento, primer_nombre, segundo_nombre, primer_apellido, segundo_apellido, foto, correo, contrasenia, fecha_fin) values (1,'79835210','RAFAEL','GUILLERMO','PLAZAS','SIERRA',null,'rgplazas@misena.edu.co','rgplazas@misena.edu.co','19/12/2018');
insert into usuario(id_documento, numero_documento, primer_nombre, segundo_nombre, primer_apellido, segundo_apellido, foto, correo, contrasenia, fecha_fin) values (1,'79880818','CARLOS','ANDRES','MENDEZ','DIAZ',null,'camendez8@misena.edu.co','camendez8@misena.edu.co','19/12/2018');
insert into usuario(id_documento, numero_documento, primer_nombre, segundo_nombre, primer_apellido, segundo_apellido, foto, correo, contrasenia, fecha_fin) values (1,'80013833','HERNANDO','ENRIQUE','MORENO','MORENO',null,'hemoreno33@misena.edu.co','hemoreno33@misena.edu.co','19/12/2018');
insert into usuario(id_documento, numero_documento, primer_nombre, segundo_nombre, primer_apellido, segundo_apellido, foto, correo, contrasenia, fecha_fin) values (1,'80101301','ANDRES','LEONARDO','CIFUENTES','MENDEZ',null,'lionhardc@gmail.com','lionhardc@gmail.com','19/12/2018');
insert into usuario(id_documento, numero_documento, primer_nombre, segundo_nombre, primer_apellido, segundo_apellido, foto, correo, contrasenia, fecha_fin) values (1,'80166476','HARRISSON','','GONGORA','HERRERA',null,'hgongora6@misena.edu.co','hgongora6@misena.edu.co','23/12/2017');
insert into usuario(id_documento, numero_documento, primer_nombre, segundo_nombre, primer_apellido, segundo_apellido, foto, correo, contrasenia, fecha_fin) values (1,'80226980','JHONNY','SLUGUER','ARANA','ZAMBRANO',null,'JARANA@MISENA.EDU.CO','JARANA@MISENA.EDU.CO','20/12/2017');
insert into usuario(id_documento, numero_documento, primer_nombre, segundo_nombre, primer_apellido, segundo_apellido, foto, correo, contrasenia, fecha_fin) values (1,'80751834','ROGER','SMITH','LONDOÑO','BURITICA',null,'rslondono@misena.edu.co','rslondono@misena.edu.co','19/12/2018');
insert into usuario(id_documento, numero_documento, primer_nombre, segundo_nombre, primer_apellido, segundo_apellido, foto, correo, contrasenia, fecha_fin) values (1,'80773623','PAUL','ALEJANDRO','LEON','APONTE',null,'paleon32@misena.edu.co','paleon32@misena.edu.co','23/12/2017');
insert into usuario(id_documento, numero_documento, primer_nombre, segundo_nombre, primer_apellido, segundo_apellido, foto, correo, contrasenia, fecha_fin) values (1,'80799674','GREGORIO','ARTURO','BAREÑO','MARIN',null,'gabareno@misena.edu.co','gabareno@misena.edu.co','19/12/2018');
insert into usuario(id_documento, numero_documento, primer_nombre, segundo_nombre, primer_apellido, segundo_apellido, foto, correo, contrasenia, fecha_fin) values (1,'80830327','JAVIER','LEONARDO','PINEDA','URIBE',null,'Jlpineda7@misena.edu.co','Jlpineda7@misena.edu.co','19/12/2018');
insert into usuario(id_documento, numero_documento, primer_nombre, segundo_nombre, primer_apellido, segundo_apellido, foto, correo, contrasenia, fecha_fin) values (1,'80871597','HELBERTH','FERNANDO','MURILLO','HERNANDEZ',null,'hefemuhe@misena.edu.co','hefemuhe@misena.edu.co','19/12/2018');
insert into usuario(id_documento, numero_documento, primer_nombre, segundo_nombre, primer_apellido, segundo_apellido, foto, correo, contrasenia, fecha_fin) values (1,'86065505','LEONARDO','ANDRES','TORRES','ROMERO',null,'latorres505@misena.edu.co','latorres505@misena.edu.co','23/12/2017');
insert into usuario(id_documento, numero_documento, primer_nombre, segundo_nombre, primer_apellido, segundo_apellido, foto, correo, contrasenia, fecha_fin) values (1,'88251027','RAFAEL','','ACOSTA','',null,'acostaandres@misena.edu.co','acostaandres@misena.edu.co','23/12/2017');
insert into usuario(id_documento, numero_documento, primer_nombre, segundo_nombre, primer_apellido, segundo_apellido, foto, correo, contrasenia, fecha_fin) values (1,'91431461','CARLOS','MIGUEL','ARIAS','PEREZ',null,'carlos.arias.pe@misena.edu.co','carlos.arias.pe@misena.edu.co','20/12/2017');
insert into usuario(id_documento, numero_documento, primer_nombre, segundo_nombre, primer_apellido, segundo_apellido, foto, correo, contrasenia, fecha_fin) values (1,'93404043','JESUS','ANTONIO','RUBIO','GOMEZ',null,'jarubio34@misena.edu.co','jarubio34@misena.edu.co','20/12/2017');
insert into usuario(id_documento, numero_documento, primer_nombre, segundo_nombre, primer_apellido, segundo_apellido, foto, correo, contrasenia, fecha_fin) values (1,'93414050','YEISON','','VARÓN','VELÁSQUEZ',null,'y0504@misena.edu.co','y0504@misena.edu.co','19/12/2018');
insert into usuario(id_documento, numero_documento, primer_nombre, segundo_nombre, primer_apellido, segundo_apellido, foto, correo, contrasenia, fecha_fin) values (1,'9430833','MARIONEL','','RIVERA','TUMAY',null,'jeandiego3@misena.edu.co','jeandiego3@misena.edu.co','16/09/2017');
insert into usuario(id_documento, numero_documento, primer_nombre, segundo_nombre, primer_apellido, segundo_apellido, foto, correo, contrasenia, fecha_fin) values (1,'94419239','CARLOS','ALBERTO','GAVIRIA','GOMEZ',null,'gaviria144@misena.edu.co','gaviria144@misena.edu.co','20/12/2017');
select * from usuario;
insert into rol (nombre, descripcion,estado )values ('Instructor', 'Este es el rol del isntructor',true);
insert into rol (nombre, descripcion,estado )values ('Lider de àrea', 'Este es el rol del lider de area',true);
insert into rol (nombre, descripcion,estado )values ('Coordinador', 'Este es el rol del coordinador',true);
insert into rol (nombre, descripcion,estado )values ('Aprendiz', 'Este es el rol del aprendiz',true);
select * from rol;
insert into especialidad(nombre, estado) VALUES ('Teleinformatica',true);
insert into especialidad(nombre, estado) VALUES ('Telecomunicaciones',true);
select * from especialidad;
insert into vinculacion(tipo, horas, estado) VALUES ('Tiempo completo',8 ,true);
insert into vinculacion(tipo, horas, estado) VALUES ('Tiempo parcial',6,true);
select * from vinculacion;
insert into instructor(id_vinculacion, id_usuario) VALUES (1,1);
insert into instructor(id_vinculacion, id_usuario) VALUES (1,2);
insert into instructor(id_vinculacion, id_usuario) VALUES (1,3);
insert into instructor(id_vinculacion, id_usuario) VALUES (1,4);
insert into instructor(id_vinculacion, id_usuario) VALUES (1,5);
insert into instructor(id_vinculacion, id_usuario) VALUES (1,6);
insert into instructor(id_vinculacion, id_usuario) VALUES (1,7);
insert into instructor(id_vinculacion, id_usuario) VALUES (1,8);
insert into instructor(id_vinculacion, id_usuario) VALUES (1,9);
insert into instructor(id_vinculacion, id_usuario) VALUES (1,10);
insert into instructor(id_vinculacion, id_usuario) VALUES (1,11);
insert into instructor(id_vinculacion, id_usuario) VALUES (1,12);
insert into instructor(id_vinculacion, id_usuario) VALUES (1,13);
insert into instructor(id_vinculacion, id_usuario) VALUES (1,14);
insert into instructor(id_vinculacion, id_usuario) VALUES (1,15);
insert into instructor(id_vinculacion, id_usuario) VALUES (1,16);
insert into instructor(id_vinculacion, id_usuario) VALUES (1,17);
insert into instructor(id_vinculacion, id_usuario) VALUES (1,18);
insert into instructor(id_vinculacion, id_usuario) VALUES (1,19);
insert into instructor(id_vinculacion, id_usuario) VALUES (1,20);
insert into instructor(id_vinculacion, id_usuario) VALUES (1,21);
insert into instructor(id_vinculacion, id_usuario) VALUES (1,22);
insert into instructor(id_vinculacion, id_usuario) VALUES (1,23);
insert into instructor(id_vinculacion, id_usuario) VALUES (2,24);
insert into instructor(id_vinculacion, id_usuario) VALUES (2,25);
insert into instructor(id_vinculacion, id_usuario) VALUES (2,26);
insert into instructor(id_vinculacion, id_usuario) VALUES (2,27);
insert into instructor(id_vinculacion, id_usuario) VALUES (2,28);
insert into instructor(id_vinculacion, id_usuario) VALUES (2,29);
insert into instructor(id_vinculacion, id_usuario) VALUES (2,30);
insert into instructor(id_vinculacion, id_usuario) VALUES (2,31);
insert into instructor(id_vinculacion, id_usuario) VALUES (2,32);
insert into instructor(id_vinculacion, id_usuario) VALUES (2,33);
insert into instructor(id_vinculacion, id_usuario) VALUES (2,34);
insert into instructor(id_vinculacion, id_usuario) VALUES (2,35);
insert into instructor(id_vinculacion, id_usuario) VALUES (2,36);
insert into instructor(id_vinculacion, id_usuario) VALUES (2,37);
insert into instructor(id_vinculacion, id_usuario) VALUES (2,38);
insert into instructor(id_vinculacion, id_usuario) VALUES (2,39);
insert into instructor(id_vinculacion, id_usuario) VALUES (2,40);
insert into instructor(id_vinculacion, id_usuario) VALUES (2,41);
insert into instructor(id_vinculacion, id_usuario) VALUES (2,42);
insert into instructor(id_vinculacion, id_usuario) VALUES (2,43);
insert into instructor(id_vinculacion, id_usuario) VALUES (2,44);
insert into instructor(id_vinculacion, id_usuario) VALUES (2,45);
insert into instructor(id_vinculacion, id_usuario) VALUES (2,46);
insert into instructor(id_vinculacion, id_usuario) VALUES (2,47);
insert into instructor(id_vinculacion, id_usuario) VALUES (2,48);
insert into instructor(id_vinculacion, id_usuario) VALUES (2,49);
insert into instructor(id_vinculacion, id_usuario) VALUES (2,50);
insert into instructor(id_vinculacion, id_usuario) VALUES (2,51);
insert into instructor(id_vinculacion, id_usuario) VALUES (2,52);
insert into instructor(id_vinculacion, id_usuario) VALUES (2,53);
insert into instructor(id_vinculacion, id_usuario) VALUES (2,54);
insert into instructor(id_vinculacion, id_usuario) VALUES (2,55);
insert into instructor(id_vinculacion, id_usuario) VALUES (2,56);
insert into instructor(id_vinculacion, id_usuario) VALUES (2,57);
insert into instructor(id_vinculacion, id_usuario) VALUES (2,58);
select * from instructor;
insert into instructor_has_especialidad(id_instructor, id_especialidad) values (1,1);
insert into instructor_has_especialidad(id_instructor, id_especialidad) values (2,1);
insert into instructor_has_especialidad(id_instructor, id_especialidad) values (3,1);
insert into instructor_has_especialidad(id_instructor, id_especialidad) values (4,1);
insert into instructor_has_especialidad(id_instructor, id_especialidad) values (5,1);
insert into instructor_has_especialidad(id_instructor, id_especialidad) values (6,1);
insert into instructor_has_especialidad(id_instructor, id_especialidad) values (7,1);
insert into instructor_has_especialidad(id_instructor, id_especialidad) values (8,1);
insert into instructor_has_especialidad(id_instructor, id_especialidad) values (9,1);
insert into instructor_has_especialidad(id_instructor, id_especialidad) values (10,1);
insert into instructor_has_especialidad(id_instructor, id_especialidad) values (11,1);
insert into instructor_has_especialidad(id_instructor, id_especialidad) values (12,1);
insert into instructor_has_especialidad(id_instructor, id_especialidad) values (13,1);
insert into instructor_has_especialidad(id_instructor, id_especialidad) values (14,1);
insert into instructor_has_especialidad(id_instructor, id_especialidad) values (15,1);
insert into instructor_has_especialidad(id_instructor, id_especialidad) values (16,1);
insert into instructor_has_especialidad(id_instructor, id_especialidad) values (17,1);
insert into instructor_has_especialidad(id_instructor, id_especialidad) values (18,1);
insert into instructor_has_especialidad(id_instructor, id_especialidad) values (19,1);
insert into instructor_has_especialidad(id_instructor, id_especialidad) values (20,1);
insert into instructor_has_especialidad(id_instructor, id_especialidad) values (21,1);
insert into instructor_has_especialidad(id_instructor, id_especialidad) values (22,1);
insert into instructor_has_especialidad(id_instructor, id_especialidad) values (23,1);
insert into instructor_has_especialidad(id_instructor, id_especialidad) values (24,1);
insert into instructor_has_especialidad(id_instructor, id_especialidad) values (25,1);
insert into instructor_has_especialidad(id_instructor, id_especialidad) values (26,1);
insert into instructor_has_especialidad(id_instructor, id_especialidad) values (27,1);
insert into instructor_has_especialidad(id_instructor, id_especialidad) values (28,1);
insert into instructor_has_especialidad(id_instructor, id_especialidad) values (29,1);
insert into instructor_has_especialidad(id_instructor, id_especialidad) values (30,1);
insert into instructor_has_especialidad(id_instructor, id_especialidad) values (31,1);
insert into instructor_has_especialidad(id_instructor, id_especialidad) values (32,1);
insert into instructor_has_especialidad(id_instructor, id_especialidad) values (33,1);
insert into instructor_has_especialidad(id_instructor, id_especialidad) values (34,1);
insert into instructor_has_especialidad(id_instructor, id_especialidad) values (35,1);
insert into instructor_has_especialidad(id_instructor, id_especialidad) values (36,1);
insert into instructor_has_especialidad(id_instructor, id_especialidad) values (37,1);
insert into instructor_has_especialidad(id_instructor, id_especialidad) values (38,1);
insert into instructor_has_especialidad(id_instructor, id_especialidad) values (39,1);
insert into instructor_has_especialidad(id_instructor, id_especialidad) values (40,1);
insert into instructor_has_especialidad(id_instructor, id_especialidad) values (41,1);
insert into instructor_has_especialidad(id_instructor, id_especialidad) values (42,1);
insert into instructor_has_especialidad(id_instructor, id_especialidad) values (43,1);
insert into instructor_has_especialidad(id_instructor, id_especialidad) values (44,1);
insert into instructor_has_especialidad(id_instructor, id_especialidad) values (45,1);
insert into instructor_has_especialidad(id_instructor, id_especialidad) values (46,1);
insert into instructor_has_especialidad(id_instructor, id_especialidad) values (47,1);
insert into instructor_has_especialidad(id_instructor, id_especialidad) values (48,1);
insert into instructor_has_especialidad(id_instructor, id_especialidad) values (49,1);
insert into instructor_has_especialidad(id_instructor, id_especialidad) values (50,1);
insert into instructor_has_especialidad(id_instructor, id_especialidad) values (51,2);
insert into instructor_has_especialidad(id_instructor, id_especialidad) values (52,2);
insert into instructor_has_especialidad(id_instructor, id_especialidad) values (53,2);
insert into instructor_has_especialidad(id_instructor, id_especialidad) values (54,2);
insert into instructor_has_especialidad(id_instructor, id_especialidad) values (55,2);
insert into instructor_has_especialidad(id_instructor, id_especialidad) values (56,2);
select * from instructor_has_especialidad;
insert into disponibilidad_competencias(id_resultado_aprendizaje, id_instructor) values (1,20);
insert into disponibilidad_competencias(id_resultado_aprendizaje, id_instructor) values (2,21);
insert into disponibilidad_competencias(id_resultado_aprendizaje, id_instructor) values (3,22);
insert into disponibilidad_competencias(id_resultado_aprendizaje, id_instructor) values (4,23);
insert into disponibilidad_competencias(id_resultado_aprendizaje, id_instructor) values (5,24);
insert into disponibilidad_competencias(id_resultado_aprendizaje, id_instructor) values (6,25);
insert into disponibilidad_competencias(id_resultado_aprendizaje, id_instructor) values (7,26);
insert into disponibilidad_competencias(id_resultado_aprendizaje, id_instructor) values (8,27);
insert into disponibilidad_competencias(id_resultado_aprendizaje, id_instructor) values (9,28);
insert into disponibilidad_competencias(id_resultado_aprendizaje, id_instructor) values (10,29);
insert into disponibilidad_competencias(id_resultado_aprendizaje, id_instructor) values (11,30);
insert into disponibilidad_competencias(id_resultado_aprendizaje, id_instructor) values (12,31);
insert into disponibilidad_competencias(id_resultado_aprendizaje, id_instructor) values (13,32);
insert into disponibilidad_competencias(id_resultado_aprendizaje, id_instructor) values (14,33);
insert into disponibilidad_competencias(id_resultado_aprendizaje, id_instructor) values (15,34);
insert into disponibilidad_competencias(id_resultado_aprendizaje, id_instructor) values (16,35);
insert into disponibilidad_competencias(id_resultado_aprendizaje, id_instructor) values (17,36);
insert into disponibilidad_competencias(id_resultado_aprendizaje, id_instructor) values (18,37);
insert into disponibilidad_competencias(id_resultado_aprendizaje, id_instructor) values (19,38);
insert into disponibilidad_competencias(id_resultado_aprendizaje, id_instructor) values (20,39);
insert into disponibilidad_competencias(id_resultado_aprendizaje, id_instructor) values (21,40);
insert into disponibilidad_competencias(id_resultado_aprendizaje, id_instructor) values (22,41);
insert into disponibilidad_competencias(id_resultado_aprendizaje, id_instructor) values (23,42);
insert into disponibilidad_competencias(id_resultado_aprendizaje, id_instructor) values (24,43);
insert into disponibilidad_competencias(id_resultado_aprendizaje, id_instructor) values (25,44);
insert into disponibilidad_competencias(id_resultado_aprendizaje, id_instructor) values (26,45);
insert into disponibilidad_competencias(id_resultado_aprendizaje, id_instructor) values (27,46);
insert into disponibilidad_competencias(id_resultado_aprendizaje, id_instructor) values (28,47);
insert into disponibilidad_competencias(id_resultado_aprendizaje, id_instructor) values (29,48);
insert into disponibilidad_competencias(id_resultado_aprendizaje, id_instructor) values (30,49);
select * from disponibilidad_competencias;