INSERT INTO estado_ficha VALUES ('En ejecución',1);
INSERT INTO estado_ficha VALUES ('Cancelada',2);
INSERT INTO estado_ficha VALUES ('Terminada',3);
select * from estado_ficha;
INSERT INTO nivel_formacion VALUES ('Tecnico',1);
INSERT INTO nivel_formacion VALUES ('Tecnologo',2);
select * from nivel_formacion;
INSERT INTO programa VALUES (214506,1, 'IMPLEMENTACION DE SISTEMAS DE INFORMACION GEOGRAFICA', 'ISIG',1,'Tecnico');
INSERT INTO programa VALUES (217218,2, 'SEGURIDAD DE REDES DE COMPUTADORES', 'SRC',1,'Tecnologo');
INSERT INTO programa VALUES (217219,3, 'GESTION Y SEGURIDAD DE BASES DE DATOS', 'GSBD',1,'Tecnologo');
INSERT INTO programa VALUES (217317,4, 'DESARROLLO DE APLICACIONES PARA DISPOSITIVOS MOVILES.', 'DAM',1,'Tecnico');
INSERT INTO programa VALUES (228101,102, 'PRODUCCION DE MULTIMEDIA', 'PROMUL',1,'Tecnico');
INSERT INTO programa VALUES (228106,102, 'ANALISIS Y DESARROLLO DE SISTEMAS DE INFORMACION','ADSI',1,'Tecnologo');
INSERT INTO programa VALUES (228120,102, 'PROGRAMACION DE SOFTWARE', 'TPS',1,'Tecnico');
INSERT INTO programa VALUES (228181,5, 'MANTENIMIENTO DE EQUIPOS DE COMPUTO, DISEÑO E INSTALACION DE CABLEADO ESTRUCTURADO', 'MECIDICE',0,'Tecnologo');
INSERT INTO programa VALUES (228183,6, 'GESTION DE REDES DE DATOS', 'GRD',1,'Tecnologo');
INSERT INTO programa VALUES (228185,7, 'SISTEMAS', 'SYS',1,'Tecnico');
INSERT INTO programa VALUES (228187,8, 'IMPLEMENTACION DE SOLUCIONES DE TELEFONIA IP', 'ISTIP',1,'Tecnologo');
INSERT INTO programa VALUES (522202,1, 'ELABORACIÓN DE AUDIOVISUALES', 'EA',0,'Tecnologo');
INSERT INTO programa VALUES (524139,9, 'DISEÑO E INTEGRACION DE MULTIMEDIA', 'DIM',1,'Tecnico');
INSERT INTO programa VALUES (839312,11, 'MANTENIMIENTO DE EQUIPOS DE COMPUTO', 'MEC',1,'Tecnico');
select * from programa;
INSERT INTO ficha VALUES (1132322,'1000-01-01','9999-12-31','1F','En ejecución',228106,102);
INSERT INTO ficha VALUES (1193332,'1000-01-01','9999-12-31','1F','En ejecución',228101,102);
INSERT INTO ficha VALUES (1193334,'1000-01-01','9999-12-31','1F','En ejecución',228106,102);
INSERT INTO ficha VALUES (1193354,'1000-01-01','9999-12-31','1F','En ejecución',228106,102);
INSERT INTO ficha VALUES (1193362-1193350,'1000-01-01','9999-12-31','1F','En ejecución',228106,102);
INSERT INTO ficha VALUES (11933622-1193350,'1000-01-01','9999-12-31','1F','En ejecución',228106,102);
INSERT INTO ficha VALUES (1193427,'1000-01-01','9999-12-31','1F','En ejecución',228120,102);
INSERT INTO ficha VALUES (1262139,'1000-01-01','9999-12-31','1F','En ejecución',228106,102);
INSERT INTO ficha VALUES (1262146,'1000-01-01','9999-12-31','1F','En ejecución',228106,102);
INSERT INTO ficha VALUES (1262154,'1000-01-01','9999-12-31','1F','En ejecución',228106,102);
INSERT INTO ficha VALUES (1262247,'1000-01-01','9999-12-31','1F','En ejecución',228185,7);
INSERT INTO ficha VALUES (1301388,'1000-01-01','9999-12-31','1F','En ejecución',228185,7);
INSERT INTO ficha VALUES (1320652,'1000-01-01','9999-12-31','1F','En ejecución',228106,102);
INSERT INTO ficha VALUES (1347104,'1000-01-01','9999-12-31','1F','En ejecución',228106,102);
INSERT INTO ficha VALUES (1349397,'1000-01-01','9999-12-31','1F','En ejecución',228106,102);
INSERT INTO ficha VALUES (1366240,'1000-01-01','9999-12-31','1F','En ejecución',228106,102);
INSERT INTO ficha VALUES (1366241,'1000-01-01','9999-12-31','1F','Cancelada',228106,102);
INSERT INTO ficha VALUES (1366264,'1000-01-01','9999-12-31','1F','En ejecución',228120,102);
INSERT INTO ficha VALUES (1438303,'1000-01-01','9999-12-31','1F','En ejecución',228106,102);
INSERT INTO ficha VALUES (1438306,'1000-01-01','9999-12-31','1F','En ejecución',228106,102);
INSERT INTO ficha VALUES (1438318,'1000-01-01','9999-12-31','1F','En ejecución',228101,102);
INSERT INTO ficha VALUES (1438862,'1000-01-01','9999-12-31','1F','En ejecución',228120,102);
INSERT INTO ficha VALUES (1438864,'1000-01-01','9999-12-31','1F','En ejecución',228120,102);
INSERT INTO ficha VALUES (1438916,'1000-01-01','9999-12-31','1F','En ejecución',217317,4);
INSERT INTO ficha VALUES (1488683,'1000-01-01','9999-12-31','1F','En ejecución',228101,102);
INSERT INTO ficha VALUES (1494879,'1000-01-01','9999-12-31','1F','En ejecución',214506,1);
INSERT INTO ficha VALUES (1503782,'1000-01-01','9999-12-31','1F','En ejecución',228106,102);
INSERT INTO ficha VALUES (1503783,'1000-01-01','9999-12-31','1F','Terminada',228106,102);
INSERT INTO ficha VALUES (1503794,'1000-01-01','9999-12-31','1F','Cancelada',228106,102);
INSERT INTO ficha VALUES (1503799,'1000-01-01','9999-12-31','1F','En ejecución',228106,102);
INSERT INTO ficha VALUES (1503931,'1000-01-01','9999-12-31','1F','En ejecución',228120,102);
INSERT INTO ficha VALUES (1503934,'1000-01-01','9999-12-31','1F','En ejecución',228120,102);
INSERT INTO ficha VALUES (1506195,'1000-01-01','9999-12-31','1F','En ejecución',524139,9);
INSERT INTO ficha VALUES (1506196,'1000-01-01','9999-12-31','1F','En ejecución',524139,9);
INSERT INTO ficha VALUES (1566598,'1000-01-01','9999-12-31','1F','En ejecución',228106,102);
INSERT INTO ficha VALUES (1566614,'1000-01-01','9999-12-31','1F','En ejecución',228106,102);
INSERT INTO ficha VALUES (1566620,'1000-01-01','9999-12-31','1F','En ejecución',228101,102);
INSERT INTO ficha VALUES (1578606,'1000-01-01','9999-12-31','1F','En ejecución',228120,102);
INSERT INTO ficha VALUES (1578615,'1000-01-01','9999-12-31','1F','En ejecución',228120,102);
INSERT INTO ficha VALUES (1578648,'1000-01-01','9999-12-31','1F','En ejecución',522202,1);
INSERT INTO ficha VALUES (1578650,'1000-01-01','9999-12-31','1F','En ejecución',522202,1);
INSERT INTO ficha VALUES (1578666,'1000-01-01','9999-12-31','1F','En ejecución',522202,1);
INSERT INTO ficha VALUES (1578682,'1000-01-01','9999-12-31','1F','En ejecución',524139,9);
INSERT INTO ficha VALUES (1578684,'1000-01-01','9999-12-31','1F','En ejecución',524139,9);
INSERT INTO ficha VALUES (1578696,'1000-01-01','9999-12-31','1F','En ejecución',524139,9);
INSERT INTO ficha VALUES (1579298,'1000-01-01','9999-12-31','1F','En ejecución',217317,4);
INSERT INTO ficha VALUES (1593501,'1000-01-01','9999-12-31','1F','En ejecución',228106,102);
INSERT INTO ficha VALUES (1621230,'1000-01-01','9999-12-31','1F','En ejecución',522202,1);
INSERT INTO ficha VALUES (1621389,'1000-01-01','9999-12-31','1F','En ejecución',524139,9);
INSERT INTO ficha VALUES (1621397,'1000-01-01','9999-12-31','1F','En ejecución',524139,9);
INSERT INTO ficha VALUES (1621415,'1000-01-01','9999-12-31','1F','En ejecución',524139,9);
INSERT INTO ficha VALUES (1621427,'1000-01-01','9999-12-31','1F','En ejecución',522202,1);
INSERT INTO ficha VALUES (1621480,'1000-01-01','9999-12-31','1F','En ejecución',228120,102);
INSERT INTO ficha VALUES (1621656,'1000-01-01','9999-12-31','1F','En ejecución',228120,102);
INSERT INTO ficha VALUES (1621666,'1000-01-01','9999-12-31','1F','En ejecución',228120,102);
INSERT INTO ficha VALUES (1694086,'1000-01-01','9999-12-31','1F','En ejecución',214506,1);
INSERT INTO ficha VALUES (1694164,'1000-01-01','9999-12-31','1F','En ejecución',228120,102);
INSERT INTO ficha VALUES (1694165,'1000-01-01','9999-12-31','1F','En ejecución',228120,102);
INSERT INTO ficha VALUES (1694167,'1000-01-01','9999-12-31','1F','En ejecución',228120,102);
INSERT INTO ficha VALUES (1738484,'1000-01-01','9999-12-31','1F','En ejecución',228120,102);
INSERT INTO ficha VALUES (1739202,'1000-01-01','9999-12-31','1F','En ejecución',228101,102);
INSERT INTO ficha VALUES (193362,'1000-01-01','9999-12-31','1F','En ejecución',228106,102);
select * from ficha;
INSERT INTO jornada VALUES ('Diu','Diurna','Lunes a Viernes 6:00 a.m. a 6:00 p.m.','',1);
INSERT INTO jornada VALUES ('FDS','FDS', 'Sábado y domingo 7:00 a.m. a 5:00 p.m.','',1);
INSERT INTO jornada VALUES ('MIX','Mixta','Sábado y Domingo 7:00 a.m. a 5:00 p.m.Dos dias lunes a viernes 6:00 p.m. a 10:00 p.m.','',1);
INSERT INTO jornada VALUES ('Noc','Nocturna ','Lunes a Viernes 6:00 p.m. a 10:00 p.m.','',1);
select * from jornada;
INSERT INTO trimestre VALUES ('Trimestre 1','Diu','Tecnico');
INSERT INTO trimestre VALUES ('Trimestre 2','Diu','Tecnico');
INSERT INTO trimestre VALUES ('Trimestre 1','Diu','Tecnologo');
INSERT INTO trimestre VALUES ('Trimestre 2','Diu','Tecnologo');
INSERT INTO trimestre VALUES ('Trimestre 3','Diu','Tecnologo');
INSERT INTO trimestre VALUES ('Trimestre 4','Diu','Tecnologo');
INSERT INTO trimestre VALUES ('Trimestre 5','Diu','Tecnologo');
INSERT INTO trimestre VALUES ('Trimestre 6','Diu','Tecnologo');
INSERT INTO trimestre VALUES ('Trimestre 1','FDS','Tecnico');
INSERT INTO trimestre VALUES ('Trimestre 2','FDS','Tecnico');
INSERT INTO trimestre VALUES ('Trimestre 3','FDS','Tecnico');
INSERT INTO trimestre VALUES ('Trimestre 4','FDS','Tecnico');
INSERT INTO trimestre VALUES ('Trimestre 5','FDS','Tecnico');
INSERT INTO trimestre VALUES ('Trimestre 6','FDS','Tecnico');
INSERT INTO trimestre VALUES ('Trimestre 1','FDS','Tecnologo');
INSERT INTO trimestre VALUES ('Trimestre 2','FDS','Tecnologo');
INSERT INTO trimestre VALUES ('Trimestre 3','FDS','Tecnologo');
INSERT INTO trimestre VALUES ('Trimestre 4','FDS','Tecnologo');
INSERT INTO trimestre VALUES ('Trimestre 5','FDS','Tecnologo');
INSERT INTO trimestre VALUES ('Trimestre 6','FDS','Tecnologo');
INSERT INTO trimestre VALUES ('Trimestre 7','FDS','Tecnologo');
INSERT INTO trimestre VALUES ('Trimestre 8','FDS','Tecnologo');
INSERT INTO trimestre VALUES ('Trimestre 1','MIX','Tecnico');
INSERT INTO trimestre VALUES ('Trimestre 2','MIX','Tecnico');
INSERT INTO trimestre VALUES ('Trimestre 3','MIX','Tecnico');
INSERT INTO trimestre VALUES ('Trimestre 4','MIX','Tecnico');
INSERT INTO trimestre VALUES ('Trimestre 1','MIX','Tecnologo');
INSERT INTO trimestre VALUES ('Trimestre 2','MIX','Tecnologo');
INSERT INTO trimestre VALUES ('Trimestre 3','MIX','Tecnologo');
INSERT INTO trimestre VALUES ('Trimestre 4','MIX','Tecnologo');
INSERT INTO trimestre VALUES ('Trimestre 5','MIX','Tecnologo');
INSERT INTO trimestre VALUES ('Trimestre 6','MIX','Tecnologo');
INSERT INTO trimestre VALUES ('Trimestre 7','MIX','Tecnologo');
INSERT INTO trimestre VALUES ('Trimestre 8','MIX','Tecnologo');
INSERT INTO trimestre VALUES ('Trimestre 1','Noc','Tecnico');
INSERT INTO trimestre VALUES ('Trimestre 2','Noc','Tecnico');
INSERT INTO trimestre VALUES ('Trimestre 3','Noc','Tecnico');
INSERT INTO trimestre VALUES ('Trimestre 4','Noc','Tecnico');
INSERT INTO trimestre VALUES ('Trimestre 1','Noc','Tecnologo');
INSERT INTO trimestre VALUES ('Trimestre 2','Noc','Tecnologo');
INSERT INTO trimestre VALUES ('Trimestre 3','Noc','Tecnologo');
INSERT INTO trimestre VALUES ('Trimestre 4','Noc','Tecnologo');
INSERT INTO trimestre VALUES ('Trimestre 5','Noc','Tecnologo');
INSERT INTO trimestre VALUES ('Trimestre 6','Noc','Tecnologo');
INSERT INTO trimestre VALUES ('Trimestre 7','Noc','Tecnologo');
INSERT INTO trimestre VALUES ('Trimestre 8','Noc','Tecnologo');
select * from trimestre;
INSERT INTO competencia VALUES (220501012, 'IMPLEMENTAR LA ESTRUCTURA DE LA RED DE ACUERDO CON UN DISEÑO PREESTABLECIDO A PARTIR DE NORMAS TÉCNICAS INTERNACIONALES.', 228185,7);
INSERT INTO competencia VALUES (220501044, 'Administrar los recursos del mantenimiento de equipos que garantice su estado de funcionamiento dentro de las metas y presupuestos.', 228181,5);
INSERT INTO competencia VALUES (220501046, 'APLICAR HERRAMIENTAS OFIMÁTICAS, REDES SOCIALES Y COLABORATIVAS DE ACUERDO CON EL PROYECTO A DESARROLLAR', 228185,7);
INSERT INTO competencia VALUES (220501001, 'Realizar mantenimiento preventivo y predictivo que prolongue el funcionamiento de los equipos de cómputo. ', 228181,5);
INSERT INTO competencia VALUES (220501001, 'REALIZAR MANTENIMIENTO PREVENTIVO Y PREDICTIVO QUE PROLONGUE EL FUNCIONAMIENTO DE LOS EQUIPOS DE COMPUTO', 228185,7);
INSERT INTO competencia VALUES (220501001, 'Realizar mantenimiento preventivo y predictivo que prolongue el funcionamiento de los equipos de computo.', 839312,11);
INSERT INTO competencia VALUES (220501002, 'Realizar mantenimiento correctivo de los equipos de cómputo según procedimiento establecido. ', 228181,5);
INSERT INTO competencia VALUES (220501002, 'Realizar mantenimiento correctivo de los equipos de computo según procedimiento establecido.', 839312,11);
INSERT INTO competencia VALUES (220501005, 'Realizar mantenimiento correctivo que restablezca la conectividad entre los equipos.', 839312,11);
INSERT INTO competencia VALUES (220501006, 'Especificar los requisitos necesarios para desarrollar el sistema de información de acuerdo con las necesidades del cliente.', 228106,102);
INSERT INTO competencia VALUES (220501007, 'CONSTRUIR EL SISTEMA QUE CUMPLA CON LOS REQUISITOS DE LA SOLUCIÓN INFORMÁTICA.', 217317,4);
INSERT INTO competencia VALUES (220501007, 'Construir el sistema que cumpla con los requisitos de la solución informática.', 228106,102);
INSERT INTO competencia VALUES (220501007, 'CONSTRUIR EL SISTEMA QUE CUMPLA CON LOS REQUISITOS DE LA SOLUCIÓN INFORMÁTICA.', 228120,102);
INSERT INTO competencia VALUES (220501009, 'Participar en el proceso de negociación de Tecnología informática para permitir la implementación del sistema de información.', 228106,102);
INSERT INTO competencia VALUES (220501012, 'Implementar la estructura de la red de acuerdo con un diseño preestablecido a partir de normas técnicas internacionales. ', 228181,5);
INSERT INTO competencia VALUES (220501012, 'Implementar la estructura de la red de acuerdo con un diseño preestablecido a partir de normas técnicas internacionales. ', 228183,6);
INSERT INTO competencia VALUES (220501013, 'Utilizar software de administración de red para garantizar la accesibilidad de los servicios y optimizar los recursos.', 228183,6);
INSERT INTO competencia VALUES (220501014, 'Administrar hardware y software de seguridad en la red a partir de normas internacionales.', 228183,6);
INSERT INTO competencia VALUES (220501014, 'ADMINISTRAR HARDWARE Y SOFTWARE DE SEGURIDAD EN LA RED A PARTIR DE NORMAS INTERNACIONALES', 228187,8);
INSERT INTO competencia VALUES (220501017, 'Configurar los dispositivos activos de interconexión en la red que cumplan las condiciones de transmisión e intercambio de información requeridas para la solución. ', 228183,6);
INSERT INTO competencia VALUES (220501019, 'DIAGNÓSTICO DEL NIVEL DE SEGURIDAD DE LA INFORMACIÓN', 217219,3);
INSERT INTO competencia VALUES (220501023, 'Administrar redes empresariales utilizando herramientas y metodologías existentes.', 228183,6);
INSERT INTO competencia VALUES (220501028, 'Analizar la información recolectada para definir la tipología de proyecto multimedia.', 228101,102);
INSERT INTO competencia VALUES (220501029, 'Diseñar la solución multimedia de acuerdo con el informe de Análisis de la información recolectada.', 228101,102);
INSERT INTO competencia VALUES (220501029, 'diseñar la solución multimedial de acuerdo con el informe de análisis de la información recolectada.', 524139,9);
INSERT INTO competencia VALUES (220501030, 'Integrar los elementos multimediales de acuerdo con un diseño establecido', 228101,102);
INSERT INTO competencia VALUES (220501030, 'integrar los elementos multimediales de acuerdo con un diseño establecido.', 524139,9);
INSERT INTO competencia VALUES (220501031, 'Entregar la aplicación multimedia para evaluar la satisfacción del cliente.', 228101,102);
INSERT INTO competencia VALUES (220501032, 'Analizar los requisitos del cliente para construir el sistema de información', 228106,102);
INSERT INTO competencia VALUES (220501032, 'ANALIZAR LOS REQUISITOS DEL CLIENTE PARA CONSTRUIR EL SISTEMA DE INFORMACION.', 228120,102);
INSERT INTO competencia VALUES (220501033, 'Diseñar el sistema de acuerdo con los requerimientos del cliente.', 228106,102);
INSERT INTO competencia VALUES (220501033, 'DISEÑAR EL SISTEMA DE ACUERDO CON LOS REQUISITOS DEL CLIENTE.', 228187,8);
INSERT INTO competencia VALUES (220501034, 'Implantar la solución que cumpla con los requerimientos para su operación.', 228106,102);
INSERT INTO competencia VALUES (220501035, 'Aplicar buenas prácticas de calidad en el proceso de desarrollo de software, de acuerdo con el referente adoptado en la empresa ', 228106,102);
INSERT INTO competencia VALUES (220501039, 'Realizar la post-producción para generar la animación final de acuerdo con las especificaciones del proyecto ', 228101,102);
INSERT INTO competencia VALUES (220501041, 'DETERMINACION DE LAS CARACTERÍSTICAS Y FUNCIONALIDADES DE LOS DISPOSITIVOS MÓVILES.', 217317,4);
INSERT INTO competencia VALUES (220501042, 'DETERMINACIÓN DE LAS TECNOLOGÍAS DE INTERCONEXIÓN E INFRAESTRUCTURA.', 217317,4);
INSERT INTO competencia VALUES (220501045, 'Justificar técnicamente la adquisición y revisión del hardware y el software según los requerimientos del cliente y manuales de procedimiento. ', 228181,5);
INSERT INTO competencia VALUES (220501050, 'IMPLEMENTAR UN SISTEMA DE VOIP DE ACUERDO CON EL DISEÑO Y NORMAS TECNICAS.', 228187,8);
INSERT INTO competencia VALUES (220501052, 'ESTRUCTURACION DE LA INFORMACIÓN GEOGRÁFICA.', 214506,1);
INSERT INTO competencia VALUES (220501053, 'DISEÑO DEL MODELO DE DATOS ESPACIAL (CONCEPTUAL, LÓGICO Y FÍSICO). ', 214506,1);
INSERT INTO competencia VALUES (220501056, 'OPERACION DEL SISTEMA DE INFORMACIÓN GEOGRÁFICA SIG POR EL USUARIO FINAL. ', 214506,1);
INSERT INTO competencia VALUES (220501063, 'ADMINISTRACIÓN DE BASES DE DATOS', 217219,3);
INSERT INTO competencia VALUES (220501077, 'Diseñar la estructura de la red de datos de acuerdo con las necesidades del cliente. ', 228183,6);
INSERT INTO competencia VALUES (240201500, 'Promover la interacción idónea consigo mismo, con los demás y con la naturaleza en los contextos laboral y social.', 228101,102);
INSERT INTO competencia VALUES (240201500, 'Promover la interacción idónea consigo mismo, con los demás y con la naturaleza en los contextos laboral y social.', 228106,102);
INSERT INTO competencia VALUES (240201500, 'PROMOVER LA INTERACCIÓN IDÓNEA CONSIGO MISMO, CON LOS DEMÁS Y CON LA NATURALEZA EN LOS CONTEXTOS LABORAL Y SOCIAL ', 228120,102);
INSERT INTO competencia VALUES (240201500, 'Promover la interacción idónea consigo mismo, con los demás y con la naturaleza en los contextos laboral y social.', 228181,5);
INSERT INTO competencia VALUES (240201500, 'Promover la interacción idónea consigo mismo, con los demás y con la naturaleza en los contextos laboral y social.', 228183,6);
INSERT INTO competencia VALUES (240201500, 'Promover la interacción idónea consigo mismo, con los demás y con la naturaleza en los contextos laboral y social.', 228185,7);
INSERT INTO competencia VALUES (240201500, 'promover la interacción idónea consigo mismo, con los demás y con la naturaleza en los contextos laboral y social.', 524139,9);
INSERT INTO competencia VALUES (240201500, 'promover la interacción idónea consigo mismo, con los demás y con la naturaleza en los contextos laboral y social.', 839312,11);
INSERT INTO competencia VALUES (240201501, 'Comprender textos en inglés en forma escrita y auditiva.', 228101,102);
INSERT INTO competencia VALUES (240201501, 'Comprender textos en inglés en forma escrita y auditiva.', 228106,102);
INSERT INTO competencia VALUES (240201501, 'COMPRENDER TEXTOS EN INGLÉS EN FORMA ESCRITA Y AUDITIVA', 228120,102);
INSERT INTO competencia VALUES (240201501, 'Comprender textos en inglés en forma escrita y auditiva.', 228181,5);
INSERT INTO competencia VALUES (240201501, 'Comprender textos en inglés en forma escrita y auditiva.', 228183,6);
INSERT INTO competencia VALUES (240201501, 'Comprender textos en inglés en forma escrita y auditiva.', 228185,7);
INSERT INTO competencia VALUES (240201501, 'Comprender textos en inglés en forma escrita y auditiva.', 524139,9);
INSERT INTO competencia VALUES (240201501, 'comprender textos en inglés en forma escrita y auditiva.', 839312,11);
INSERT INTO competencia VALUES (240201502, 'Producir textos en inglés en forma escrita y oral.', 228101,102);
INSERT INTO competencia VALUES (240201502, 'Producir textos en inglés en forma escrita y oral.', 228106,102);
INSERT INTO competencia VALUES (240201502, 'Producir textos en inglés en forma escrita y oral.', 228181,5);
INSERT INTO competencia VALUES (240201502, 'Producir textos en inglés en forma escrita y oral.', 228183,6);
INSERT INTO competencia VALUES (250101021, 'OPERAR SISTEMAS DE SONIDO PROFESIONBAL DE ACUERDO CON RECOMENDACIONES DEL FABRICANTE , TECNOLOGÍAS ANÁLOGAS Y DIGITALES, FENÓMENOS ACÚSTICOS, CUALIDADES ACÚSTICAS DE LAS FUENTES SONORAS Y NECESIDADES DEL PROYECTO.', 522202,1);
INSERT INTO competencia VALUES (250201005, 'ELABORAR LIBRETOS Y GUIONES SEGÚN METODOLOGÍAS ESTABLECIDAS Y OBJETIVOS DEL PROGRAMA', 522202,1);
INSERT INTO competencia VALUES (250201007, 'EDITAR CONTENIDOS AUDIOVISUALES SEGÚN OBJETIVOS DE LA DIRECCIÓN Y LAS DIFERENTES AREAS', 522202,1);
INSERT INTO competencia VALUES (250201002, 'REALIZAR REGISTRO DE IMÁGENES DE ACUERDO CON LOS ASPECTOS TÉCNICOS DEL LIBRETO', 522202,1);
INSERT INTO competencia VALUES (260101021, 'Realizar negociación con los proveedores y clientes, según los objetivos y estrategias establecidas por la organización', 228101,102);
INSERT INTO competencia VALUES (260101025, 'CREAR PIEZAS DE COMUNICACIÓN CON BASE EN LA PROPUESTA DE COMUNICACIÓN DEL PRODUCTO O SERVICIO', 522202,1);
INSERT INTO competencia VALUES (280101054, 'Instalar redes internas de acuerdo con el diseño eléctrico. ', 228181,5);
select * from competencia;
INSERT INTO resultado_aprendizaje VALUES (220501006-01,'Aplicar las técnicas de recolección de datos , diseñando  los instrumentos necesarios para el procesamiento de información, de acuerdo con la situación planteada por la empresa.',220501006,228106,102);
INSERT INTO resultado_aprendizaje VALUES (220501006-02,'Elaborar mapas de procesos que permitan identificar las áreas involucradas en un sistema de información, utilizando herramientas informáticas y las Tic’s, para generar informes según las necesidades de la empresa.',220501006,228106,102);
INSERT INTO resultado_aprendizaje VALUES (220501006-03,'Plantear diferentes alternativas, de modelos tecnológicos de información empresarial, teniendo en cuenta la plataforma  tecnológica de la empresa y las tendencias del mercado, para dar solución a las situaciones relacionadas con el manejo de la información de la organización.',220501006,228106,102);
INSERT INTO resultado_aprendizaje VALUES (220501007-01,'Interpretar el informe técnico de diseño, para determinar el plan de trabajo durante la fase de construcción del software, de acuerdo con las normas y protocolos establecidos en la empresa.',220501007,228106,102);
INSERT INTO resultado_aprendizaje VALUES (220501007-02,'Construir la base de datos, a partir del modelo de datos determinado en el diseño del sistema, utilizando sistemas de gestión de base de datos, según los protocolos establecidos en la organización.',220501007,228106,102);
INSERT INTO resultado_aprendizaje VALUES (220501007-03,'Construir la interfaz de usuario, apoyado en la evaluación del prototipo, determinando las entradas y salidas requeridas en el diseño y definiendo los lineamientos para la navegación, de acuerdo con las necesidades del usuario.',220501007,228106,102);
INSERT INTO resultado_aprendizaje VALUES (220501007-04,'Realizar la codificación de los módulos del sistema y el programa principal, a partir de la utilización del lenguaje de programación seleccionado, de acuerdo con las especificaciones del diseño.',220501007,228106,102);
INSERT INTO resultado_aprendizaje VALUES (220501007-05,'Construir el programa de instalación del aplicativo, utilizando las herramientas de desarrollo disponibles en el mercado, según las características de la arquitectura de la solución.',220501007,228106,102);
INSERT INTO resultado_aprendizaje VALUES (220501007-06,'Elaborar el manual técnico de la aplicación, de acuerdo con la complejidad del aplicativo y según normas y procedimientos establecidos por la empresa.',220501007,228106,102);
INSERT INTO resultado_aprendizaje VALUES (220501007-07,'Ejecutar y documentar las pruebas del software, aplicando técnicas de ensayo-error, de acuerdo con el plan diseñado y los procedimientos establecidos por la empresa.',220501007,228106,102);
INSERT INTO resultado_aprendizaje VALUES (220501009-01,'Interpretar el diagnóstico de necesidades informáticas, para determinar las tecnológicas requeridas en el manejo de la información, de acuerdo con las normas y protocolos establecidos por la empresa.',220501009,228106,102);
INSERT INTO resultado_aprendizaje VALUES (220501009-02,'Definir estrategias para la elaboración de términos de referencia y procesos de evaluación de proveedores, en la adquisición de tecnología, según protocolos establecidos.',220501009,228106,102);
INSERT INTO resultado_aprendizaje VALUES (220501009-03,'Participar en los perfeccionamientos de contratos informáticos, estableciendo cláusulas técnicas, que respondan a las necesidades de los actores de la negociación, de acuerdo con la ley de contratación.','220501009',228106,102);
INSERT INTO resultado_aprendizaje VALUES (220501009-04,'Elaborar el informe sobre el cumplimiento de los términos de referencia previstos en la negociación, de acuerdo con la participación de cada uno de los actores en relación con la satisfacción de los bienes informáticos contratados y recibidos, según normas y protocolos de la organización.',220501009,228106,102);
INSERT INTO resultado_aprendizaje VALUES (220501032-01,'Interpretar el informe de requerimientos, para determinar las necesidades tecnológicas en el manejo de la información, de acuerdo con las normas y protocolos establecidos en la empresa.',220501032,228106,102);
INSERT INTO resultado_aprendizaje VALUES (220501032-02,'Representa el bosquejo de la solución al problema presentado por el cliente, mediante la  elaboración de diagramas de casos de uso,  apoyado en el análisis del informe de requerimientos, al confrontar la situación problemica con el usuario según  normas y protocolos de la organización.',220501032,228106,102);
INSERT INTO resultado_aprendizaje VALUES (220501032-03,'Construir el modelo conceptual del macrosistema frente a los requerimientos del cliente,  mediante el uso e interpretación de la información levantada, representado en diagramas de clase, de interacción, colaboración y contratos de operación, de acuerdo con las diferentes secuencias, fases y procedimientos del sistema.',220501032,228106,102);
INSERT INTO resultado_aprendizaje VALUES (220501032-04,'Valorar la incidencia de los datos en los procesos del macrosistema, tomando como referente  el diccionario de datos y las miniespecificaciones, para la consolidación de los datos que intervienen, de acuerdo con parámetros establecidos.',220501032,228106,102);
INSERT INTO resultado_aprendizaje VALUES (220501032-05,'Elaborar el informe de los resultados del análisis del sistema de información, de acuerdo con los requerimientos del cliente  según normas y protocolos establecidos.',220501032,228106,102);
INSERT INTO resultado_aprendizaje VALUES (220501033-01,'Diseñar la arquitectura tecnológica  del sistema de información, mediante el reconocimiento de hardware y software, de acuerdo con la tecnología disponible en el mercado, el informe de análisis levantado y el diagrama de distribución.',220501033,228106,102);
INSERT INTO resultado_aprendizaje VALUES (220501033-02,'Diseñar la arquitectura del software, mediante la interpretación de las clases, objetos y mecanismos de colaboración, utilizando herramientas tecnológicas de diseño, de acuerdo con las tendencias de las tecnologías de la información y la comunicación.',220501033,228106,102);
INSERT INTO resultado_aprendizaje VALUES (220501033-03,'Construir el prototipo del sistema de información, a partir del análisis de las características funcionales del sistema en relación con facilidad de manejo, funcionalidad y experiencia del usuario, apoyado en software aplicado según protocolos de diseño.',220501033,228106,102);
INSERT INTO resultado_aprendizaje VALUES (220501033-04,'Diseñar la estructura de datos, a partir del modelo conceptual determinado en el análisis del sistema, utilizando herramientas tecnológicas de bases de datos, según las normas y estándares establecidos.',220501033,228106,102);
INSERT INTO resultado_aprendizaje VALUES (220501033-05,'Aplicar políticas y mecanismos de control en el diseño del sistema de información, mediante el análisis de la vulnerabilidad de la información, siguiendo los parámetros establecidos por la organización.',220501033,228106,102);
INSERT INTO resultado_aprendizaje VALUES (220501033-06,'Elaborar el informe de diseño del sistema de información, de acuerdo con la selección de las herramientas, tanto de software como de hardware, requeridas para la solución informática.',220501033,228106,102);
INSERT INTO resultado_aprendizaje VALUES (220501034-01,'Configurar el software de la aplicación para cliente y servidor, mediante la utilización del hardware disponible,  ejecutándola en la plataforma tecnológica, según normas y protocolos establecidos por la empresa.',220501034,228106,102);
INSERT INTO resultado_aprendizaje VALUES (220501034-02,'Elaborar el informe administrativo, siguiendo los protocolos de la organización, basado en los planes de instalación, respaldo y migración del sistema de información, facilitando la operatividad y mantenimiento de la solución informática.',220501034,228106,102);
INSERT INTO resultado_aprendizaje VALUES (220501034-03,'Definir estrategias para la  validación de manuales de usuario y de operación,  respondiendo a las necesidades y satisfacción del cliente, frente a la solución informática propuesta, según políticas de la organización',220501034,228106,102);
INSERT INTO resultado_aprendizaje VALUES (220501034-04,'Capacitar a los usuarios del sistema, sobre la estructuración y el manejo del aplicativo,  de acuerdo con el plan establecido, el perfil de los usuarios, según políticas de la organización.',220501034,228106,102);
INSERT INTO resultado_aprendizaje VALUES (220501034-05,'Elaborar informes técnicos relacionados con la solución informática implantada, de acuerdo con las propuestas de alternativas aplicadas, teniendo en cuenta las técnicas de comunicación y según normas y protocolos establecidos',220501034,228106,102);
INSERT INTO resultado_aprendizaje VALUES (220501035-01,'Identificar las características de los procesos de desarrollo de software, frente al referente de calidad adoptado por la empresa, ajustándolos a los resultados de las mediciones, evaluaciones y recomendaciones realizadas',220501035,228106,102);
INSERT INTO resultado_aprendizaje VALUES (220501035-02,'Identificar los puntos críticos de control en los procesos de desarrollo de software, para establecer las acciones a seguir, garantizando el cumplimiento de los estándares de calidad, siguiendo los lineamientos establecidos por la organización.',220501035,228106,102);
INSERT INTO resultado_aprendizaje VALUES (220501035-03,'Aplicar los estándares de calidad involucrados en los procesos de desarrollo de software, siguiendo el plan establecido para mantener la integridad de los productos  de trabajo definidos, según las prácticas de configuración establecidas por la empresa',220501035,228106,102);
INSERT INTO resultado_aprendizaje VALUES (220501035-04,'Elaborar instrumentos e instructivos, requeridos por el aseguramiento de la calidad, para documentar y evaluar los procesos de desarrollo de software, de acuerdo con las normas y procedimientos establecidas por la empresa',220501035,228106,102);
INSERT INTO resultado_aprendizaje VALUES (220501035-05,'Evaluar procesos y productos de desarrollo de software, documentar y concertar acciones a seguir, para garantizar el cumplimiento de las normas establecidas, de acuerdo con el plan definido y con los criterios de medición, métricas y políticas determinados por la empresa',220501035,228106,102);
INSERT INTO resultado_aprendizaje VALUES (220501035-06,'Elaborar el informe final del proceso de gestión de calidad en el desarrollo de software, que consolide la información de las evidencias, hallazgos y novedades frente al seguimiento y control de los productos, según normas internacionales y protocolos de la organización.',220501035,228106,102);
INSERT INTO resultado_aprendizaje VALUES (240201500-01,'Interactuar en los contextos Productivos y Sociales en función de los Principios y Valores Universales.  ',240201500,228106,102);
INSERT INTO resultado_aprendizaje VALUES (240201500-02,'Desarrollar permanentemente las habilidades psicomotrices y de pensamiento en la ejecución de los procesos de aprendizaje.',240201500,228106,102);
INSERT INTO resultado_aprendizaje VALUES (240201500-03,'Generar procesos autónomos y de trabajo colaborativo permanentes, fortaleciendo el equilibrio de los componentes racionales y emocionales orientados hacia el Desarrollo Humano Integral.',240201500,228106,102);
INSERT INTO resultado_aprendizaje VALUES (240201500-04,'Redimensionar permanentemente su proyecto de vida de acuerdo con las circunstancias del contexto y con visión prospectiva.',240201500,228106,102);
INSERT INTO resultado_aprendizaje VALUES (240201500-05,'Desarrollar procesos comunicativos eficaces y asertivos dentro de criterios de racionalidad que posibiliten la convivencia, el establecimiento de acuerdos, la construcción colectiva del conocimiento y la resolución de problemas de carácter productico y social. ',240201500,228106,102);
INSERT INTO resultado_aprendizaje VALUES (240201500-06,'Asumir responsablemente los criterios de preservación y conservación del medio ambiente y de desarrollo sostenible, en el ejercicio de su desempeño laboral y social. ',240201500,228106,102);
INSERT INTO resultado_aprendizaje VALUES (240201500-07,'Generar hábitos saludables en su estilo de vida para garantizar la prevención de riesgos ocupacionales de acuerdo con el diagnóstico de su condición física individual y la naturaleza y complejidad de su desempeño laboral . ',240201500,228106,102);
INSERT INTO resultado_aprendizaje VALUES (240201500-08,'Aplicar técnicas de cultura física para el mejoramiento de su expresión corporal, desempeño laboral según la naturaleza y complejidad del área ocupacional. ',240201500,228106,102);
INSERT INTO resultado_aprendizaje VALUES (240201500-10,'Reconocer el rol de los participantes en el proceso formativo, el papel de los ambientes de aprendizaje y la metodología de formación, de acuerdo con la dinámica organizacional del SENA. ',240201500,228106,102);
INSERT INTO resultado_aprendizaje VALUES (240201500-12,'Gestionar la información de acuerdo con los procedimientos establecidos y con las tecnologías de la información y la comunicación disponibles.',240201500,228106,102);
INSERT INTO resultado_aprendizaje VALUES (240201500-13,'Identificar las oportunidades que el Sena ofrece en el marco de la formación profesional de acuerdo con el contexto nacional e internacional.',240201500,228106,102);
INSERT INTO resultado_aprendizaje VALUES (240201500-14,'Concertar alternativas y acciones de formación para el desarrollo de las Resultado_Aprendizajes del programa formación, con base en la política institucional. ',240201500,228106,102);
INSERT INTO resultado_aprendizaje VALUES (240201501-01,'Comprender frases y vocabulario habitual sobre temas de interés personal y temas técnicos.',240201501,228106,102);
INSERT INTO resultado_aprendizaje VALUES (240201501-02,'Comprender la idea principal en avisos y mensajes breves, claros y sencillos en inglés técnico. ',240201501,228106,102);
INSERT INTO resultado_aprendizaje VALUES (240201501-03,'Leer textos muy breves y sencillos en inglés general y técnico. ',240201501,228106,102);
INSERT INTO resultado_aprendizaje VALUES (240201501-04,'Encontrar información específica y predecible en escritos sencillos y cotidianos. ',240201501,228106,102);
INSERT INTO resultado_aprendizaje VALUES (240201501-05,'Encontrar vocabulario y expresiones de inglés técnico en anuncios, folletos, páginas web, etc',240201501,228106,102);
INSERT INTO resultado_aprendizaje VALUES (240201501-06,'Comunicarse en tareas sencillas y habituales que requieren un intercambio simple y directo de información cotidiana y técnica',240201501,228106,102);
INSERT INTO resultado_aprendizaje VALUES (240201501-07,'Realizar intercambios sociales y prácticos muy breves, con un vocabulario suficiente para hacer una exposición o mantener una conversación sencilla sobre temas técnicos.',240201501,228106,102);
INSERT INTO resultado_aprendizaje VALUES (240201502-01,'Reproducir en inglés frases o enunciados simples que permitan expresar de forma lenta ideas o conceptos. ',240201502,228106,102);
INSERT INTO resultado_aprendizaje VALUES (240201502-02,'Identificar formas gramaticales básicas en textos y documentos elementales escritos en inglés. ',240201502,228106,102);
INSERT INTO resultado_aprendizaje VALUES (240201502-03,'Comprender una amplia variedad de frases y vocabulario  en inglés sobre temas de interés personal y temas técnicos. ',240201502,228106,102);
INSERT INTO resultado_aprendizaje VALUES (240201502-04,'Comprender las ideas principales de textos complejos en inglés que tratan de temas tanto concretos como abstractos, incluso si son de carácter técnico, siempre que estén dentro de su campo de especialización',240201502,228106,102);
INSERT INTO resultado_aprendizaje VALUES (240201502-05,'Leer textos complejos y con un vocabulario más específico, en inglés general y técnico. ',240201502,228106,102);
INSERT INTO resultado_aprendizaje VALUES (240201502-06,'Buscar de manera sistemática información específica y detallada en escritos en inglés, mas estructurados y con mayor contenido técnico. ',240201502,228106,102);
INSERT INTO resultado_aprendizaje VALUES (240201502-07,'Encontrar y utilizar sin esfuerzo vocabulario y expresiones de inglés técnico en artículos de revistas, libros especializados, páginas web, etc.',240201502,228106,102);
INSERT INTO resultado_aprendizaje VALUES (240201502-08,'Relacionarse con hablantes nativos en un grado suficiente de fluidez y naturalidad, de modo que la comunicación se realice sin esfuerzo por parte de los interlocutores.',240201502,228106,102);
select * from resultado_aprendizaje;
INSERT INTO planeacion VALUES ('ADSI Diurno','1');
INSERT INTO planeacion VALUES ('ADSI Nocturno','1');
INSERT INTO planeacion VALUES ('ADSI Mixto','1');
INSERT INTO planeacion VALUES ('GDR Diurno','1');
INSERT INTO planeacion VALUES ('TPS Diurno','1');
INSERT INTO planeacion VALUES ('TPS FDS','1');
INSERT INTO planeacion VALUES ('TPS Nocturno','1');
select * from planeacion;
INSERT INTO planeacion_trimestre VALUES ('ADSI Diurno','Trimestre 1','Diu','Tecnologo',220501006,220501007,228106,102);
INSERT INTO planeacion_trimestre VALUES ('ADSI Mixto','Trimestre 2','FDS','Tecnologo',220501006,220501009,228106,102);
INSERT INTO planeacion_trimestre VALUES ('ADSI Mixto','Trimestre 3','MIX','Tecnologo',220501006,220501009,228106,102);
INSERT INTO planeacion_trimestre VALUES ('ADSI Nocturno','Trimestre 4','Noc','Tecnologo',220501006,220501007,228106,102);
INSERT INTO planeacion_trimestre VALUES ('ADSI Diurno','Trimestre 5','Diu','Tecnologo',220501006,220501007,228106,102);
INSERT INTO planeacion_trimestre VALUES ('ADSI Mixto','Trimestre 6','FDS','Tecnologo',220501006,220501009,228106,102);
INSERT INTO planeacion_trimestre VALUES ('ADSI Mixto','Trimestre 7','MIX','Tecnologo',220501006,220501009,228106,102);
INSERT INTO planeacion_trimestre VALUES ('ADSI Nocturno','Trimestre 8','Noc','Tecnologo',220501006,220501007,228106,102);
INSERT INTO planeacion_trimestre VALUES ('ADSI Diurno','Trimestre 2','Diu','Tecnologo',220501006,220501007,228106,102);
INSERT INTO planeacion_trimestre VALUES ('ADSI Mixto','Trimestre 1','MIX','Tecnologo',220501006,220501009,228106,102);
INSERT INTO planeacion_trimestre VALUES ('ADSI Nocturno','Trimestre 2','Noc','Tecnologo',220501006,220501007,228106,102);
INSERT INTO planeacion_trimestre VALUES ('ADSI Diurno','Trimestre 3','Diu','Tecnologo',220501007,220501009,228106,102);
select * from planeacion_trimestre;
INSERT INTO modalidad VALUES ('Presencial',1);
INSERT INTO modalidad VALUES ('Virtual',1);
select * from modalidad;
INSERT INTO sede VALUES ('Sede Colombia','Cl. 69 #20-36',1);
INSERT INTO sede VALUES ('Sede Ricaurte','Calle 12 #30-18',1);
INSERT INTO sede VALUES ('Sede Restrepo','Av 1 de Mayo No 12d-68',1);
INSERT INTO sede VALUES ('Zona deportiva CEET','Av.Cra 30 # 17B-25 sur',1);
select * from sede;
INSERT INTO ambiente VALUES (101,'Ambiente con computadores',1,'Ambiente especializado','Sede Colombia');
INSERT INTO ambiente VALUES (102,'Ambiente con computadores',1,'Ambiente especializado','Sede Colombia');
INSERT INTO ambiente VALUES (103,'Ambiente con computadores',1,'Ambiente especializado','Sede Colombia');
INSERT INTO ambiente VALUES (201,'Ambiente para las practicas',1,'Ambiente especializado','Sede Colombia');
INSERT INTO ambiente VALUES (202,'Ambiente para las practicas',1,'Ambiente especializado','Sede Colombia');
INSERT INTO ambiente VALUES (203,'Ambiente para las practicas',1,'Ambiente especializado','Sede Colombia');
INSERT INTO ambiente VALUES (301,'Ambiente con computadores',1,'Ambiente especializado','Sede Colombia');
INSERT INTO ambiente VALUES (302,'Ambiente con computadores',1,'Ambiente especializado','Sede Colombia');
INSERT INTO ambiente VALUES (303,'Ambiente con computadores',1,'Ambiente especializado','Sede Colombia');
INSERT INTO ambiente VALUES (401,'Ambiente sin ordenadores',1,'Ambiente no especializado','Sede Colombia');
INSERT INTO ambiente VALUES (402,'Ambiente sin ordenadores',1,'Ambiente no especializado','Sede Colombia');
select * from ambiente;
INSERT INTO dia VALUES ('Lunes',1);
INSERT INTO dia VALUES ('Martes',1);
INSERT INTO dia VALUES ('Miercoles',1);
INSERT INTO dia VALUES ('Jueves',1);
INSERT INTO dia VALUES ('Viernes',1);
INSERT INTO dia VALUES ('Sabado',1);
INSERT INTO dia VALUES ('Domingo',1);
select * from dia;
INSERT INTO trimestre_vigente VALUES (1,'1000-01-01','9999-12-31',1);
INSERT INTO trimestre_vigente VALUES (2,'1000-01-01','9999-12-31',1);
INSERT INTO trimestre_vigente VALUES (3,'1000-01-01','9999-12-31',1);
INSERT INTO trimestre_vigente VALUES (4,'1000-01-01','9999-12-31',1);
INSERT INTO trimestre_vigente VALUES (5,'1000-01-01','9999-12-31',1);
INSERT INTO trimestre_vigente VALUES (6,'1000-01-01','9999-12-31',1);
INSERT INTO trimestre_vigente VALUES (7,'1000-01-01','9999-12-31',1);
INSERT INTO trimestre_vigente VALUES (8,'1000-01-01','9999-12-31',1);
select * from trimestre_vigente;    
INSERT INTO version VALUES (101,'1',1);
INSERT INTO version VALUES (1,'1',2);
INSERT INTO version VALUES (10,'1',3);
INSERT INTO version VALUES (203,'1',4);
INSERT INTO version VALUES (20,'1',5);
INSERT INTO version VALUES (2,'1',6);
select * from version;
INSERT INTO documento VALUES ('CC','Cedula de ciudadania',1);
INSERT INTO documento VALUES ('TI','Tarjeta de identidad',1);
INSERT INTO documento VALUES ('CE','Cedula de extrangeria',1);
select * from documento;
INSERT INTO cliente VALUES (52961282,'ANDREA','CAROLINA','CAMACHO','YÁÑEZ',NULL,'CC');
INSERT INTO cliente VALUES (88251027,'RAFAEL',NULL,'ACOSTA',NULL,NULL,'CC');
INSERT INTO cliente VALUES (39573531,'MARIA','ALEJANDRA','GARCIA','ROMERO',NULL,'CC');
INSERT INTO cliente VALUES (79754079,'ANDRES',NULL,'MOSQUERA',NULL,NULL,'CC');
INSERT INTO cliente VALUES (1018424087,'ANNIE',NULL,'MALDONADO',NULL,NULL,'CC');
INSERT INTO cliente VALUES (6103538,'JUAN','CARLOS','ARBELAEZ','RODRIGUEZ',NULL,'CC');
INSERT INTO cliente VALUES (79880818,'CARLOS','ANDRES','MENDEZ','DIAZ',NULL,'CC');
INSERT INTO cliente VALUES (91431461,'CARLOS ','MIGUEL','ARIAS  ','PEREZ',NULL,'CC');
INSERT INTO cliente VALUES (1026256946,'CRISTIAN','CAMILO','MORALES','PIRAJON',NULL,'CC');
INSERT INTO cliente VALUES (28540464,'LEIDY','JOHANNA','CIFUENTES','MARTINEZ',NULL,'CC');
INSERT INTO cliente VALUES (79690002,'DANIEL','FERNANDO','MORA','DIAZ',NULL,'CC');
INSERT INTO cliente VALUES (1030553623,'DAVID',NULL,'BOHORQUEZ','CARO',NULL,'CC');
INSERT INTO cliente VALUES (53013351,'DIANA','MARIA','MAHECHA','VESGA',NULL,'CC');
INSERT INTO cliente VALUES (35422861,'DIANA',NULL,'PINZON',NULL,NULL,'CC');
INSERT INTO cliente VALUES (1014188142,'ERNESTO','ALEXANDER','CORTES','FARFAN',NULL,'CC');
INSERT INTO cliente VALUES (79828247,'EDGAR',NULL,'VALCARCEL',NULL,NULL,'CC');
INSERT INTO cliente VALUES (1121832605,'EDUAR','SMITH','BOHORQUEZ','BELTRAN',NULL,'CC');
INSERT INTO cliente VALUES (7688181,'EDUBIN',NULL,'TORRES','PEÑA',NULL,'CC');
INSERT INTO cliente VALUES (79212967,'FABIAN','ALEJANDRO','RODRIGUEZ','LOPEZ',NULL,'CC');
INSERT INTO cliente VALUES (80799674,'GREGORIO','ARTURO','BAREÑO','MARIN',NULL,'CC');
INSERT INTO cliente VALUES (94419239,'CARLOS','ALBERTO','GAVIRIA','GOMEZ',NULL,'CC');
INSERT INTO cliente VALUES (79484046,'GERARDO',NULL,'PARDO',NULL,NULL,'CC');
INSERT INTO cliente VALUES (80871597,'HELBERTH','FERNANDO','MURILLO','HERNANDEZ',NULL,'CC');
INSERT INTO cliente VALUES (80013833,'HERNANDO','ENRIQUE','MORENO','MORENO',NULL,'CC');
INSERT INTO cliente VALUES (80166476,'HARRISSON',NULL,'GONGORA','HERRERA',NULL,'CC');
INSERT INTO cliente VALUES (11315985,'JAVIER','FRANCISCO','LEÓN','NARE',NULL,'CC');
INSERT INTO cliente VALUES (19418118,'JORGE','ALONSO','FLOREZ','ROJANO',NULL,'CC');
INSERT INTO cliente VALUES (19151403,'JAIRO',NULL,'BUSTOS','VELASQUEZ',NULL,'CC');
INSERT INTO cliente VALUES (80226980,'JHONNY','SLUGUER','ARANA','ZAMBRANO',NULL,'CC');
INSERT INTO cliente VALUES (93404043,'JESUS ','ANTONIO','RUBIO ','GOMEZ ',NULL,'CC');
INSERT INTO cliente VALUES (9430833,'MARIONEL',NULL,'RIVERA','TUMAY',NULL,'CC');
INSERT INTO cliente VALUES (80830327,'JAVIER','LEONARDO','PINEDA','URIBE',NULL,'CC');
INSERT INTO cliente VALUES (17901022,'JARBY','JAVIER','MEJIA','BRITO',NULL,'CC');
INSERT INTO cliente VALUES (52531524,'JOHANA','LETICIA','MORA','DAZA',NULL,'CC');
INSERT INTO cliente VALUES (1077431133,'JONATTAN','SMITH','ARCE',NULL,NULL,'CC');
INSERT INTO cliente VALUES (6567039,'JOSE','ALEXANDER','ALVARADO','CABRERA',NULL,'CC');
INSERT INTO cliente VALUES (1075239657,'JUAN','PABLO','VALDES',NULL,NULL,'CC');
INSERT INTO cliente VALUES (86065505,'LEONARDO','ANDRES','TORRES','ROMERO',NULL,'CC');
INSERT INTO cliente VALUES (80101301,'ANDRES','LEONARDO','CIFUENTES','MENDEZ',NULL,'CC');
INSERT INTO cliente VALUES (79447030,'MIGUEL','ANGEL','LOPEZ','CACHO',NULL,'CC');
INSERT INTO cliente VALUES (7318214,'DEMETRIO','MAURICIO','ESTUPIÑAN','FINO',NULL,'CC');
INSERT INTO cliente VALUES (79638745,'MILCON','MILCON','MONTENEGRO','GAMBA',NULL,'CC');
INSERT INTO cliente VALUES (19357773,'MANUEL','OLIVO','MORENO','HERRERA',NULL,'CC');
INSERT INTO cliente VALUES (1032412460,'MAURICIO',NULL,'ROMERO','NADER',NULL,'CC');
INSERT INTO cliente VALUES (53075708,'LEIDY',NULL,'NAHIR','FONSECA',NULL,'CC');
INSERT INTO cliente VALUES (53046684,'OLGA','LUCIA','DUQUE','MANRIQUE',NULL,'CC');
INSERT INTO cliente VALUES (1033781013,'OSCAR','ANDRES','HERNANDEZ','ARIZA',NULL,'CC');
INSERT INTO cliente VALUES (80773623,'PAUL','ALEJANDRO','LEON','APONTE',NULL,'CC');
INSERT INTO cliente VALUES (1012433958,'ROBINSON ','ANDRES ','CORTES',NULL,NULL,'CC');
INSERT INTO cliente VALUES (79835210,'RAFAEL','GUILLERMO','PLAZAS','SIERRA',NULL,'CC');
INSERT INTO cliente VALUES (7186130,'RICARDO','AUGUSTO','CASTELBLANCO','SEPULVEDA',NULL,'CC');
INSERT INTO cliente VALUES (79283043,'RAUL','ERNESTO','ORTIZ','GARZON',NULL,'CC');
INSERT INTO cliente VALUES (80751834,'ROGER','SMITH','LONDOÑO','BURITICA',NULL,'CC');
INSERT INTO cliente VALUES (11318769,'SERGIO',NULL,'ARANGO','GONZALEZ',NULL,'CC');
INSERT INTO cliente VALUES (60377930,'SONIA','YAMILE','ORTEGA','CARRILLO',NULL,'CC');
INSERT INTO cliente VALUES (55228385,'SANDRA','MILENA','PEÑARANDA','SALAZAR',NULL,'CC');
INSERT INTO cliente VALUES (79369666,'VÍCTOR','MANUEL','MORENO','PEREZ',NULL,'CC');
INSERT INTO cliente VALUES (93414050,'YEISON',NULL,'VARÓN','VELÁSQUEZ',NULL,'CC');
select * from cliente;
INSERT INTO usuario values ('accamacho28@misena.edu.co','ABCD12345','2018-12-19',52961282,'CC');
INSERT INTO usuario VALUES ('acostaandres@misena.edu.co','ABCD12345','2017-12-23',88251027,'CC');
INSERT INTO usuario VALUES ('alejagarcia@misena.edu.co','ABCD12345','2018-12-19',39573531,'CC');
INSERT INTO usuario VALUES ('amosquerap@misena.edu.co','ABCD12345','2017-12-23',79754079,'CC');
INSERT INTO usuario VALUES ('anniemms@misena.edu.co','ABCD12345','2018-12-19',1018424087,'CC');
INSERT INTO usuario VALUES ('arjuan83@misena.edu.co','ABCD12345','2017-12-23',6103538,'CC');
INSERT INTO usuario VALUES ('camendez8@misena.edu.co','ABCD12345','2018-12-19',79880818,'CC');
INSERT INTO usuario VALUES ('carlos.arias.pe@misena.edu.co','ABCD12345','2017-12-20',91431461,'CC');
INSERT INTO usuario VALUES ('ccbarrera6@misena.edu.co','ABCD12345','2017-12-23',1026256946,'CC');
INSERT INTO usuario VALUES ('cifuentes0903@misena.edu.co','ABCD12345','2018-12-19',28540464,'CC');
INSERT INTO usuario VALUES ('daniel.mora@misena.edu.co','ABCD12345','2018-12-19',79690002,'CC');
INSERT INTO usuario VALUES ('david.bohorquez@outlook.com','ABCD12345','2018-12-19',1030553623,'CC');
INSERT INTO usuario VALUES ('dmmahecha1@misena.edu.co','ABCD12345','2018-12-19',53013351,'CC');
INSERT INTO usuario VALUES ('dpinzoncas@misena.edu.co','ABCD12345','2018-12-19',35422861,'CC');
INSERT INTO usuario VALUES ('EACORTES2@MISENA.EDU.CO','ABCD12345','2018-12-19',1014188142,'CC');
INSERT INTO usuario VALUES ('edgarvalcarcel@hotmail.com','ABCD12345','2017-12-23',79828247,'CC');
INSERT INTO usuario VALUES ('esbohorquez@misena.edu.co','ABCD12345','2018-12-19',1121832605,'CC');
INSERT INTO usuario VALUES ('etorres18188@misena.edu.co','ABCD12345','2018-12-19',7688181,'CC');
INSERT INTO usuario VALUES ('fabianalejandro@misena.edu.co','ABCD12345','2018-12-19',79212967,'CC');
INSERT INTO usuario VALUES ('gabareno@misena.edu.co','ABCD12345','2018-12-19',80799674,'CC');
INSERT INTO usuario VALUES ('gaviria144@misena.edu.co','ABCD12345','2017-12-20',94419239,'CC');
INSERT INTO usuario VALUES ('gpardobello@yahoo.com','ABCD12345','2018-12-19',79484046,'CC');
INSERT INTO usuario VALUES ('hefemuhe@misena.edu.co','ABCD12345','2018-12-19',80871597,'CC');
INSERT INTO usuario VALUES ('hemoreno33@misena.edu.co','ABCD12345','2018-12-19',80013833,'CC');
INSERT INTO usuario VALUES ('hgongora6@misena.edu.co','ABCD12345','2017-12-23',80166476,'CC');
INSERT INTO usuario VALUES ('jaflen@misena.edu.co','ABCD12345','2017-12-23',11315985,'CC');
INSERT INTO usuario VALUES ('jaflorezr@misena.edu.co','ABCD12345','2018-12-19',19418118,'CC');
INSERT INTO usuario VALUES ('jairovb@misena.edu.co','ABCD12345','2018-12-19',19151403,'CC');
INSERT INTO usuario VALUES ('JARANA@MISENA.EDU.CO','ABCD12345','2017-12-20',80226980,'CC');
INSERT INTO usuario VALUES ('jarubio34@misena.edu.co','ABCD12345','2017-12-20',93404043,'CC');
INSERT INTO usuario VALUES ('jeandiego3@misena.edu.co','ABCD12345','2017-09-16',9430833,'CC');
INSERT INTO usuario VALUES ('Jlpineda7@misena.edu.co','ABCD12345','2018-12-19',80830327,'CC');
INSERT INTO usuario VALUES ('jose.alvaradoc@misena.edu.co','ABCD12345','2017-12-20',6567039,'CC');
INSERT INTO usuario VALUES ('jmejiab@misena.edu.co','ABCD12345','2017-12-23',17901022,'CC');
INSERT INTO usuario VALUES ('johana20044@gmail.com','ABCD12345','2018-12-19',52531524,'CC');
INSERT INTO usuario VALUES ('jonattansmith@misena.edu.co','ABCD12345','2018-12-19',1077431133,'CC');
INSERT INTO usuario VALUES ('juapab.echeverry@misena.edu.co','ABCD12345','2018-12-19',1075239657,'CC');
INSERT INTO usuario VALUES ('latorres505@misena.edu.co','ABCD12345','2017-12-23',86065505,'CC');
INSERT INTO usuario VALUES ('lionhardc@gmail.com','ABCD12345','2018-12-19',80101301,'CC');
INSERT INTO usuario VALUES ('malopez030@misena.edu.co','ABCD12345','2018-12-19',79447030,'CC');
INSERT INTO usuario VALUES ('mauricio_estupian@yahoo.com','ABCD12345','2018-12-19',7318214,'CC');
INSERT INTO usuario VALUES ('mmontenegro54@misena.edu.co','ABCD12345','2017-12-21',79638745,'CC');
INSERT INTO usuario VALUES ('momoreno@misena.edu.co','ABCD12345','2018-12-19',19357773,'CC');
INSERT INTO usuario VALUES ('MROMERO064@MISENA.EDU.CO','ABCD12345','2018-12-19',1032412460,'CC');
INSERT INTO usuario VALUES ('nairfon@misena.edu.co','ABCD12345','2018-12-19',53075708,'CC');
INSERT INTO usuario VALUES ('olgaludm@gmail.com','ABCD12345','2018-12-19',53046684,'CC');
INSERT INTO usuario VALUES ('ooscar1995@gmail.com','ABCD12345','2017-09-12',1033781013,'CC');
INSERT INTO usuario VALUES ('paleon32@misena.edu.co','ABCD12345','2017-12-23',80773623,'CC');
INSERT INTO usuario VALUES ('racortes92@misena.edu.co','ABCD12345','2018-12-19',1012433958,'CC');
INSERT INTO usuario VALUES ('rgplazas@misena.edu.co','ABCD12345','2018-12-19',79835210,'CC');
INSERT INTO usuario VALUES ('ricardocas@misena.edu.co','ABCD12345','2018-12-19',7186130,'CC');
INSERT INTO usuario VALUES ('rortizg@misena.edu.co','ABCD12345','2018-12-19',79283043,'CC');
INSERT INTO usuario VALUES ('rslondono@misena.edu.co','ABCD12345','2018-12-19',80751834,'CC');
INSERT INTO usuario VALUES ('sergio.arango@misena.edu.co','ABCD12345','2017-12-22',11318769,'CC');
INSERT INTO usuario VALUES ('soniayamile01@gmail.com','ABCD12345','2018-12-19',60377930,'CC');
INSERT INTO usuario VALUES ('spenaranda@misena.edu.co','ABCD12345','2018-12-19',55228385,'CC');
INSERT INTO usuario VALUES ('victorbahia@misena.edu.co','ABCD12345','2018-12-19',79369666,'CC');
INSERT INTO usuario VALUES ('y0504@misena.edu.co','ABCD12345','2018-12-19',93414050,'CC');
select * from usuario;
INSERT INTO rol VALUES ('Instructor', 'Es un instructor del SENA', 1);
INSERT INTO rol VALUES ('Líder de área', 'Es el líder de área de un programa especifico', 1);
select * from rol;
INSERT INTO especialidad VALUES ('Teleinformatica',1,'Area de teleinformatica');
INSERT INTO especialidad VALUES ('Telecomunicaciones',1,'Area de telecomunicaciones');
INSERT INTO especialidad VALUES ('Electronica',1,'Area de electronica');
INSERT INTO especialidad VALUES ('Electricidad',1,'Area de electricidad');
select * from especialidad;
INSERT INTO vinculacion VALUES ('Tiempo Completo',8,1);
INSERT INTO vinculacion VALUES ('Tiempo Parcial',6,1);
select * from vinculacion;
INSERT INTO instructor VALUES (52961282,'CC','Tiempo Completo');
INSERT INTO instructor VALUES (88251027,'CC','Tiempo Parcial');
INSERT INTO instructor VALUES (39573531,'CC','Tiempo Parcial');
INSERT INTO instructor VALUES (79754079,'CC','Tiempo Completo');
INSERT INTO instructor VALUES (1018424087,'CC','Tiempo Parcial');
INSERT INTO instructor VALUES (6103538,'CC','Tiempo Completo');
INSERT INTO instructor VALUES (79880818,'CC','Tiempo Parcial');
INSERT INTO instructor VALUES (91431461,'CC','Tiempo Completo');
INSERT INTO instructor VALUES (1026256946,'CC','Tiempo Parcial');
INSERT INTO instructor VALUES (28540464,'CC','Tiempo Completo');
INSERT INTO instructor VALUES (79690002,'CC','Tiempo Completo');
INSERT INTO instructor VALUES (1030553623,'CC','Tiempo Completo');
INSERT INTO instructor VALUES (53013351,'CC','Tiempo Parcial');
INSERT INTO instructor VALUES (35422861,'CC','Tiempo Completo');
INSERT INTO instructor VALUES (1014188142,'CC','Tiempo Completo');
INSERT INTO instructor VALUES (79828247,'CC','Tiempo Parcial');
INSERT INTO instructor VALUES (1121832605,'CC','Tiempo Parcial');
INSERT INTO instructor VALUES (7688181,'CC','Tiempo Completo');
INSERT INTO instructor VALUES (79212967,'CC','Tiempo Parcial');
INSERT INTO instructor VALUES (80799674,'CC','Tiempo Completo');
INSERT INTO instructor VALUES (94419239,'CC','Tiempo Parcial');
INSERT INTO instructor VALUES (79484046,'CC','Tiempo Completo');
INSERT INTO instructor VALUES (80871597,'CC','Tiempo Completo');
INSERT INTO instructor VALUES (80013833,'CC','Tiempo Completo');
INSERT INTO instructor VALUES (80166476,'CC','Tiempo Parcial');
INSERT INTO instructor VALUES (11315985,'CC','Tiempo Completo');
INSERT INTO instructor VALUES (19418118,'CC','Tiempo Parcial');
INSERT INTO instructor VALUES (19151403,'CC','Tiempo Completo');
INSERT INTO instructor VALUES (80226980,'CC','Tiempo Parcial');
INSERT INTO instructor VALUES (93404043,'CC','Tiempo Completo');
INSERT INTO instructor VALUES (9430833,'CC','Tiempo Parcial');
INSERT INTO instructor VALUES (80830327,'CC','Tiempo Completo');
INSERT INTO instructor VALUES (17901022,'CC','Tiempo Completo');
INSERT INTO instructor VALUES (52531524,'CC','Tiempo Parcial');
INSERT INTO instructor VALUES (1077431133,'CC','Tiempo Completo');
INSERT INTO instructor VALUES (6567039,'CC','Tiempo Parcial');
INSERT INTO instructor VALUES (1075239657,'CC','Tiempo Parcial');
INSERT INTO instructor VALUES (86065505,'CC','Tiempo Completo');
INSERT INTO instructor VALUES (80101301,'CC','Tiempo Completo');
INSERT INTO instructor VALUES (79447030,'CC','Tiempo Completo');
INSERT INTO instructor VALUES (7318214,'CC','Tiempo Completo');
INSERT INTO instructor VALUES (79638745,'CC','Tiempo Parcial');
INSERT INTO instructor VALUES (19357773,'CC','Tiempo Parcial');
INSERT INTO instructor VALUES (1032412460,'CC','Tiempo Completo');
INSERT INTO instructor VALUES (53075708,'CC','Tiempo Parcial');
INSERT INTO instructor VALUES (53046684,'CC','Tiempo Completo');
INSERT INTO instructor VALUES (1033781013,'CC','Tiempo Parcial');
INSERT INTO instructor VALUES (80773623,'CC','Tiempo Completo');
INSERT INTO instructor VALUES (1012433958,'CC','Tiempo Parcial');
INSERT INTO instructor VALUES (79835210,'CC','Tiempo Parcial');
INSERT INTO instructor VALUES (7186130,'CC','Tiempo Completo');
INSERT INTO instructor VALUES (79283043,'CC','Tiempo Completo');
INSERT INTO instructor VALUES (80751834,'CC','Tiempo Completo');
INSERT INTO instructor VALUES (11318769,'CC','Tiempo Completo');
INSERT INTO instructor VALUES (60377930,'CC','Tiempo Completo');
INSERT INTO instructor VALUES (55228385,'CC','Tiempo Completo');
INSERT INTO instructor VALUES (79369666,'CC','Tiempo Completo');
INSERT INTO instructor VALUES (93414050,'CC','Tiempo Parcial');
select * from instructor;
INSERT INTO disponibilidad_horario VALUES ('06:00:00','18:00:00','Diu',6103538,'CC','Jueves');
INSERT INTO disponibilidad_horario VALUES ('06:01:00','18:00:00','Diu',6103538,'CC','Lunes');
INSERT INTO disponibilidad_horario VALUES ('06:02:00','18:00:00','Diu',6103538,'CC','Martes');
INSERT INTO disponibilidad_horario VALUES ('06:03:00','18:00:00','Diu',6103538,'CC','Miercoles');
INSERT INTO disponibilidad_horario VALUES ('06:04:00','18:00:00','Diu',6103538,'CC','Viernes');
INSERT INTO disponibilidad_horario VALUES ('06:05:00','18:00:00','Diu',6567039,'CC','Jueves');
INSERT INTO disponibilidad_horario VALUES ('06:06:00','18:00:00','Diu',6567039,'CC','Lunes');
INSERT INTO disponibilidad_horario VALUES ('06:07:00','18:00:00','Diu',6567039,'CC','Martes');
INSERT INTO disponibilidad_horario VALUES ('06:08:00','18:00:00','Diu',6567039,'CC','Miercoles');
INSERT INTO disponibilidad_horario VALUES ('06:09:00','18:00:00','Diu',6567039,'CC','Viernes');
INSERT INTO disponibilidad_horario VALUES ('08:10:00','12:00:00','FDS',7186130,'CC','Domingo');
INSERT INTO disponibilidad_horario VALUES ('08:11:00','14:00:00','FDS',7186130,'CC','Sabado');
INSERT INTO disponibilidad_horario VALUES ('06:12:00','18:00:00','Diu',7318214,'CC','Jueves');
INSERT INTO disponibilidad_horario VALUES ('06:13:00','18:00:00','Diu',7318214,'CC','Lunes');
INSERT INTO disponibilidad_horario VALUES ('06:14:00','18:00:00','Diu',7318214,'CC','Martes');
INSERT INTO disponibilidad_horario VALUES ('06:15:00','18:00:00','Diu',7318214,'CC','Miercoles');
INSERT INTO disponibilidad_horario VALUES ('06:16:00','18:00:00','Diu',7318214,'CC','Viernes');
INSERT INTO disponibilidad_horario VALUES ('06:17:00','18:00:00','Diu',7688181,'CC','Jueves');
INSERT INTO disponibilidad_horario VALUES ('06:18:00','18:00:00','Diu',7688181,'CC','Lunes');
INSERT INTO disponibilidad_horario VALUES ('06:19:00','18:00:00','Diu',7688181,'CC','Martes');
INSERT INTO disponibilidad_horario VALUES ('06:20:00','18:00:00','Diu',7688181,'CC','Miercoles');
INSERT INTO disponibilidad_horario VALUES ('06:21:00','18:00:00','Diu',7688181,'CC','Sabado');
INSERT INTO disponibilidad_horario VALUES ('06:22:00','18:00:00','Diu',7688181,'CC','Viernes');
INSERT INTO disponibilidad_horario VALUES ('18:23:00','21:00:00','Noc',11315985,'CC','Jueves');
INSERT INTO disponibilidad_horario VALUES ('18:24:00','21:00:00','Noc',11315985,'CC','Lunes');
INSERT INTO disponibilidad_horario VALUES ('18:25:00','21:00:00','Noc',11315985,'CC','Martes');
INSERT INTO disponibilidad_horario VALUES ('18:26:00','21:00:00','Noc',11315985,'CC','Miercoles');
INSERT INTO disponibilidad_horario VALUES ('18:27:00','21:00:00','Noc',11315985,'CC','Viernes');
INSERT INTO disponibilidad_horario VALUES ('08:28:00','12:00:00','FDS',11318769,'CC','Domingo');
INSERT INTO disponibilidad_horario VALUES ('08:29:00','14:00:00','FDS',11318769,'CC','Sabado');
INSERT INTO disponibilidad_horario VALUES ('08:30:00','14:00:00','FDS',19151403,'CC','Domingo');
INSERT INTO disponibilidad_horario VALUES ('18:31:00','21:00:00','Noc',19151403,'CC','Jueves');
INSERT INTO disponibilidad_horario VALUES ('18:32:00','21:00:00','Noc',19151403,'CC','Lunes');
INSERT INTO disponibilidad_horario VALUES ('18:33:00','21:00:00','Noc',19151403,'CC','Martes');
INSERT INTO disponibilidad_horario VALUES ('18:34:00','21:00:00','Noc',19151403,'CC','Miercoles');
INSERT INTO disponibilidad_horario VALUES ('18:35:00','21:00:00','Noc',19151403,'CC','Viernes');
INSERT INTO disponibilidad_horario VALUES ('06:36:00','18:00:00','Diu',19357773,'CC','Jueves');
INSERT INTO disponibilidad_horario VALUES ('06:37:00','18:00:00','Diu',19357773,'CC','Lunes');
INSERT INTO disponibilidad_horario VALUES ('06:38:00','18:00:00','Diu',19357773,'CC','Martes');
INSERT INTO disponibilidad_horario VALUES ('06:39:00','18:00:00','Diu',19357773,'CC','Miercoles');
INSERT INTO disponibilidad_horario VALUES ('06:40:00','18:00:00','Diu',19357773,'CC','Sabado');
INSERT INTO disponibilidad_horario VALUES ('06:41:00','18:00:00','Diu',19357773,'CC','Viernes');
INSERT INTO disponibilidad_horario VALUES ('06:42:00','18:00:00','Diu',19418118,'CC','Jueves');
INSERT INTO disponibilidad_horario VALUES ('06:43:00','18:00:00','Diu',19418118,'CC','Lunes');
INSERT INTO disponibilidad_horario VALUES ('06:44:00','18:00:00','Diu',19418118,'CC','Martes');
INSERT INTO disponibilidad_horario VALUES ('06:45:00','18:00:00','Diu',19418118,'CC','Miercoles');
INSERT INTO disponibilidad_horario VALUES ('06:46:00','18:00:00','Diu',19418118,'CC','Sabado');
INSERT INTO disponibilidad_horario VALUES ('06:47:00','18:00:00','Diu',19418118,'CC','Viernes');
INSERT INTO disponibilidad_horario VALUES ('06:48:00','18:00:00','Diu',28540464,'CC','Jueves');
INSERT INTO disponibilidad_horario VALUES ('06:49:00','18:00:00','Diu',28540464,'CC','Lunes');
INSERT INTO disponibilidad_horario VALUES ('06:50:00','18:00:00','Diu',28540464,'CC','Martes');
INSERT INTO disponibilidad_horario VALUES ('06:51:00','18:00:00','Diu',28540464,'CC','Miercoles');
INSERT INTO disponibilidad_horario VALUES ('06:52:00','18:00:00','Diu',28540464,'CC','Sabado');
INSERT INTO disponibilidad_horario VALUES ('06:53:00','18:00:00','Diu',28540464,'CC','Viernes');
INSERT INTO disponibilidad_horario VALUES ('06:54:00','18:00:00','MIX',35422861,'CC','Jueves');
INSERT INTO disponibilidad_horario VALUES ('06:55:00','18:00:00','MIX',35422861,'CC','Lunes');
INSERT INTO disponibilidad_horario VALUES ('06:56:00','18:00:00','MIX',35422861,'CC','Martes');
INSERT INTO disponibilidad_horario VALUES ('06:57:00','18:00:00','MIX',35422861,'CC','Miercoles');
INSERT INTO disponibilidad_horario VALUES ('06:58:00','18:00:00','MIX',35422861,'CC','Viernes');
INSERT INTO disponibilidad_horario VALUES ('18:00:00','21:00:00','Noc',39573531,'CC','Jueves');
INSERT INTO disponibilidad_horario VALUES ('18:01:00','21:00:00','Noc',39573531,'CC','Lunes');
INSERT INTO disponibilidad_horario VALUES ('18:02:00','21:00:00','Noc',39573531,'CC','Martes');
INSERT INTO disponibilidad_horario VALUES ('18:03:00','21:00:00','Noc',39573531,'CC','Miercoles');
INSERT INTO disponibilidad_horario VALUES ('18:04:00','21:00:00','Noc',39573531,'CC','Viernes');
INSERT INTO disponibilidad_horario VALUES ('06:59:00','18:00:00','Diu',52531524,'CC','Jueves');
INSERT INTO disponibilidad_horario VALUES ('08:14:00','18:00:00','Diu',52531524,'CC','Lunes');
INSERT INTO disponibilidad_horario VALUES ('06:23:00','18:00:00','Diu',52531524,'CC','Martes');
INSERT INTO disponibilidad_horario VALUES ('06:24:00','18:00:00','Diu',52531524,'CC','Miercoles');
INSERT INTO disponibilidad_horario VALUES ('06:25:00','18:00:00','Diu',52531524,'CC','Viernes');
INSERT INTO disponibilidad_horario VALUES ('06:26:00','18:00:00','Diu',52961282,'CC','Jueves');
INSERT INTO disponibilidad_horario VALUES ('06:27:00','18:00:00','Diu',52961282,'CC','Lunes');
INSERT INTO disponibilidad_horario VALUES ('06:31:00','18:00:00','Diu',52961282,'CC','Martes');
INSERT INTO disponibilidad_horario VALUES ('06:32:00','18:00:00','Diu',52961282,'CC','Miercoles');
INSERT INTO disponibilidad_horario VALUES ('06:33:00','18:00:00','Diu',52961282,'CC','Viernes');
INSERT INTO disponibilidad_horario VALUES ('18:05:00','21:00:00','Noc',53013351,'CC','Jueves');
INSERT INTO disponibilidad_horario VALUES ('18:06:00','21:00:00','Noc',53013351,'CC','Lunes');
INSERT INTO disponibilidad_horario VALUES ('18:07:00','21:00:00','Noc',53013351,'CC','Martes');
INSERT INTO disponibilidad_horario VALUES ('18:08:00','21:00:00','Noc',53013351,'CC','Miercoles');
INSERT INTO disponibilidad_horario VALUES ('18:09:00','21:00:00','Noc',53013351,'CC','Viernes');
INSERT INTO disponibilidad_horario VALUES ('08:34:00','12:00:00','FDS',53046684,'CC','Domingo');
INSERT INTO disponibilidad_horario VALUES ('08:00:00','14:00:00','FDS',53046684,'CC','Sabado');
INSERT INTO disponibilidad_horario VALUES ('08:01:00','14:00:00','FDS',53075708,'CC','Domingo');
INSERT INTO disponibilidad_horario VALUES ('07:35:00','18:00:00','Diu',53075708,'CC','Jueves');
INSERT INTO disponibilidad_horario VALUES ('07:01:00','18:00:00','Diu',53075708,'CC','Lunes');
INSERT INTO disponibilidad_horario VALUES ('07:02:00','18:00:00','Diu',53075708,'CC','Martes');
INSERT INTO disponibilidad_horario VALUES ('07:03:00','18:00:00','Diu',53075708,'CC','Miercoles');
INSERT INTO disponibilidad_horario VALUES ('07:04:00','18:00:00','Diu',53075708,'CC','Viernes');
INSERT INTO disponibilidad_horario VALUES ('07:05:00','18:00:00','Diu',55228385,'CC','Jueves');
INSERT INTO disponibilidad_horario VALUES ('07:06:00','18:00:00','Diu',55228385,'CC','Lunes');
INSERT INTO disponibilidad_horario VALUES ('07:07:00','18:00:00','Diu',55228385,'CC','Martes');
INSERT INTO disponibilidad_horario VALUES ('07:08:00','18:00:00','Diu',55228385,'CC','Miercoles');
INSERT INTO disponibilidad_horario VALUES ('07:09:00','18:00:00','Diu',55228385,'CC','Viernes');
INSERT INTO disponibilidad_horario VALUES ('07:10:00','18:00:00','Diu',60377930,'CC','Jueves');
INSERT INTO disponibilidad_horario VALUES ('07:11:00','18:00:00','Diu',60377930,'CC','Lunes');
INSERT INTO disponibilidad_horario VALUES ('07:12:00','18:00:00','Diu',60377930,'CC','Martes');
INSERT INTO disponibilidad_horario VALUES ('07:13:00','18:00:00','Diu',60377930,'CC','Miercoles');
INSERT INTO disponibilidad_horario VALUES ('07:14:00','18:00:00','Diu',60377930,'CC','Viernes');
INSERT INTO disponibilidad_horario VALUES ('08:02:00','12:00:00','FDS',79212967,'CC','Domingo');
INSERT INTO disponibilidad_horario VALUES ('08:03:00','14:00:00','FDS',79212967,'CC','Sabado');
INSERT INTO disponibilidad_horario VALUES ('07:15:00','18:00:00','Diu',79283043,'CC','Jueves');
INSERT INTO disponibilidad_horario VALUES ('07:16:00','18:00:00','Diu',79283043,'CC','Lunes');
INSERT INTO disponibilidad_horario VALUES ('07:17:00','18:00:00','Diu',79283043,'CC','Martes');
INSERT INTO disponibilidad_horario VALUES ('07:18:00','18:00:00','Diu',79283043,'CC','Miercoles');
INSERT INTO disponibilidad_horario VALUES ('07:19:00','18:00:00','Diu',79283043,'CC','Viernes');
INSERT INTO disponibilidad_horario VALUES ('18:10:00','21:00:00','Noc',79369666,'CC','Jueves');
INSERT INTO disponibilidad_horario VALUES ('18:11:00','21:00:00','Noc',79369666,'CC','Lunes');
INSERT INTO disponibilidad_horario VALUES ('18:12:00','21:00:00','Noc',79369666,'CC','Martes');
INSERT INTO disponibilidad_horario VALUES ('18:13:00','21:00:00','Noc',79369666,'CC','Miercoles');
INSERT INTO disponibilidad_horario VALUES ('18:14:00','21:00:00','Noc',79369666,'CC','Viernes');
INSERT INTO disponibilidad_horario VALUES ('18:15:00','21:00:00','Noc',79447030,'CC','Jueves');
INSERT INTO disponibilidad_horario VALUES ('18:16:00','21:00:00','Noc',79447030,'CC','Lunes');
INSERT INTO disponibilidad_horario VALUES ('18:17:00','21:00:00','Noc',79447030,'CC','Martes');
INSERT INTO disponibilidad_horario VALUES ('18:18:00','21:00:00','Noc',79447030,'CC','Miercoles');
INSERT INTO disponibilidad_horario VALUES ('09:00:00','18:00:00','Diu',79447030,'CC','Sabado');
INSERT INTO disponibilidad_horario VALUES ('18:19:00','21:00:00','Noc',79447030,'CC','Viernes');
INSERT INTO disponibilidad_horario VALUES ('07:20:00','18:00:00','Diu',79484046,'CC','Jueves');
INSERT INTO disponibilidad_horario VALUES ('07:21:00','18:00:00','Diu',79484046,'CC','Lunes');
INSERT INTO disponibilidad_horario VALUES ('07:22:00','18:00:00','Diu',79484046,'CC','Martes');
INSERT INTO disponibilidad_horario VALUES ('07:23:00','18:00:00','Diu',79484046,'CC','Miercoles');
INSERT INTO disponibilidad_horario VALUES ('07:24:00','18:00:00','Diu',79484046,'CC','Viernes');
INSERT INTO disponibilidad_horario VALUES ('07:25:00','18:00:00','Diu',79638745,'CC','Jueves');
INSERT INTO disponibilidad_horario VALUES ('07:26:00','18:00:00','Diu',79638745,'CC','Lunes');
INSERT INTO disponibilidad_horario VALUES ('07:27:00','18:00:00','Diu',79638745,'CC','Martes');
INSERT INTO disponibilidad_horario VALUES ('07:28:00','18:00:00','Diu',79638745,'CC','Miercoles');
INSERT INTO disponibilidad_horario VALUES ('07:29:00','18:00:00','Diu',79638745,'CC','Viernes');
INSERT INTO disponibilidad_horario VALUES ('07:30:00','18:00:00','Diu',79690002,'CC','Jueves');
INSERT INTO disponibilidad_horario VALUES ('07:31:00','18:00:00','Diu',79690002,'CC','Lunes');
INSERT INTO disponibilidad_horario VALUES ('07:32:00','18:00:00','Diu',79690002,'CC','Martes');
INSERT INTO disponibilidad_horario VALUES ('07:33:00','18:00:00','Diu',79690002,'CC','Miercoles');
INSERT INTO disponibilidad_horario VALUES ('07:34:00','18:00:00','Diu',79690002,'CC','Sabado');
INSERT INTO disponibilidad_horario VALUES ('08:08:00','18:00:00','Diu',79690002,'CC','Viernes');
INSERT INTO disponibilidad_horario VALUES ('08:09:00','18:00:00','Diu',79828247,'CC','Jueves');
INSERT INTO disponibilidad_horario VALUES ('08:39:00','18:00:00','Diu',79828247,'CC','Lunes');
INSERT INTO disponibilidad_horario VALUES ('08:31:00','18:00:00','Diu',79828247,'CC','Martes');
INSERT INTO disponibilidad_horario VALUES ('08:32:00','18:00:00','Diu',79828247,'CC','Miercoles');
INSERT INTO disponibilidad_horario VALUES ('08:33:00','18:00:00','Diu',79828247,'CC','Viernes');
INSERT INTO disponibilidad_horario VALUES ('08:44:00','18:00:00','Diu',79835210,'CC','Jueves');
INSERT INTO disponibilidad_horario VALUES ('08:35:00','18:00:00','Diu',79835210,'CC','Lunes');
INSERT INTO disponibilidad_horario VALUES ('08:36:00','18:00:00','Diu',79835210,'CC','Martes');
INSERT INTO disponibilidad_horario VALUES ('08:37:00','18:00:00','Diu',79835210,'CC','Miercoles');
INSERT INTO disponibilidad_horario VALUES ('08:38:00','18:00:00','Diu',79835210,'CC','Viernes');
INSERT INTO disponibilidad_horario VALUES ('18:20:00','21:00:00','Noc',79880818,'CC','Jueves');
INSERT INTO disponibilidad_horario VALUES ('18:21:00','21:00:00','Noc',79880818,'CC','Lunes');
INSERT INTO disponibilidad_horario VALUES ('18:22:00','21:00:00','Noc',79880818,'CC','Martes');
INSERT INTO disponibilidad_horario VALUES ('18:23:01','21:00:00','Noc',79880818,'CC','Miercoles');
INSERT INTO disponibilidad_horario VALUES ('09:10:00','18:00:00','Diu',79880818,'CC','Sabado');
INSERT INTO disponibilidad_horario VALUES ('18:24:02','21:00:00','Noc',79880818,'CC','Viernes');
INSERT INTO disponibilidad_horario VALUES ('18:25:03','21:00:00','Noc',80013833,'CC','Jueves');
INSERT INTO disponibilidad_horario VALUES ('18:26:04','21:00:00','Noc',80013833,'CC','Lunes');
INSERT INTO disponibilidad_horario VALUES ('18:27:05','21:00:00','Noc',80013833,'CC','Martes');
INSERT INTO disponibilidad_horario VALUES ('18:28:06','21:00:00','Noc',80013833,'CC','Miercoles');
INSERT INTO disponibilidad_horario VALUES ('18:29:07','21:00:00','Noc',80013833,'CC','Viernes');
INSERT INTO disponibilidad_horario VALUES ('07:46:00','18:00:00','Diu',80101301,'CC','Jueves');
INSERT INTO disponibilidad_horario VALUES ('07:47:00','18:00:00','Diu',80101301,'CC','Lunes');
INSERT INTO disponibilidad_horario VALUES ('07:48:00','18:00:00','Diu',80101301,'CC','Martes');
INSERT INTO disponibilidad_horario VALUES ('07:49:00','18:00:00','Diu',80101301,'CC','Miercoles');
INSERT INTO disponibilidad_horario VALUES ('07:50:00','18:00:00','Diu',80101301,'CC','Viernes');
INSERT INTO disponibilidad_horario VALUES ('07:51:00','18:00:00','Diu',80226980,'CC','Jueves');
INSERT INTO disponibilidad_horario VALUES ('07:52:00','18:00:00','Diu',80226980,'CC','Lunes');
INSERT INTO disponibilidad_horario VALUES ('07:53:00','18:00:00','Diu',80226980,'CC','Martes');
INSERT INTO disponibilidad_horario VALUES ('07:54:00','18:00:00','Diu',80226980,'CC','Miercoles');
INSERT INTO disponibilidad_horario VALUES ('07:55:00','18:00:00','Diu',80226980,'CC','Viernes');
INSERT INTO disponibilidad_horario VALUES ('07:56:00','18:00:00','Diu',80751834,'CC','Jueves');
INSERT INTO disponibilidad_horario VALUES ('07:57:00','18:00:00','Diu',80751834,'CC','Lunes');
INSERT INTO disponibilidad_horario VALUES ('07:58:00','18:00:00','Diu',80751834,'CC','Martes');
INSERT INTO disponibilidad_horario VALUES ('07:59:00','18:00:00','Diu',80751834,'CC','Miercoles');
INSERT INTO disponibilidad_horario VALUES ('08:01:01','18:00:00','Diu',80751834,'CC','Viernes');
INSERT INTO disponibilidad_horario VALUES ('08:02:02','18:00:00','Diu',80799674,'CC','Jueves');
INSERT INTO disponibilidad_horario VALUES ('08:03:03','18:00:00','Diu',80799674,'CC','Lunes');
INSERT INTO disponibilidad_horario VALUES ('08:04:04','18:00:00','Diu',80799674,'CC','Martes');
INSERT INTO disponibilidad_horario VALUES ('08:05:05','18:00:00','Diu',80799674,'CC','Miercoles');
INSERT INTO disponibilidad_horario VALUES ('08:06:06','18:00:00','Diu',80799674,'CC','Viernes');
INSERT INTO disponibilidad_horario VALUES ('19:00:00','21:00:00','Noc',80830327,'CC','Jueves');
INSERT INTO disponibilidad_horario VALUES ('19:01:00','21:00:00','Noc',80830327,'CC','Lunes');
INSERT INTO disponibilidad_horario VALUES ('19:02:00','21:00:00','Noc',80830327,'CC','Martes');
INSERT INTO disponibilidad_horario VALUES ('08:07:07','18:00:00','MIX',80830327,'CC','Miercoles');
INSERT INTO disponibilidad_horario VALUES ('19:03:00','21:00:00','Noc',80830327,'CC','Viernes');
select * from disponibilidad_horario;
INSERT INTO proyecto VALUES (576887,'SISTEMA INTEGRAL WEB PARA GESTION DE PROCESOS EDUCATIVOS DEL CEET',1,228106,102);
INSERT INTO proyecto VALUES (569629,'Implementación de módulos en el Sistema integral web de gestión de procesos educativos para el CEET',1,228120,102);
INSERT INTO proyecto VALUES (558200,'IMPLEMENTACION DE UNA RED DE DATOS CORPORATIVA MULTISERVICIO, ADMINISTRADA Y CONFIGURADA BAJO SISTEMA OPERATIVO LINUX',1,217219,3);
select * from proyecto;
INSERT INTO fase VALUES ('Analisis',1,576887);
INSERT INTO fase VALUES ('Planeación',1,576887);
INSERT INTO fase VALUES ('Ejecución',1,569629);
INSERT INTO fase VALUES ('Evaluación',1,558200);
select * from fase;
INSERT INTO actividad VALUES (1,'Actividades de  inducción en la formación profesional integral SENA.','Analisis',576887);
INSERT INTO actividad VALUES (2,'Determinar los requerimientos del sistema según especificaciones y lineamientos del proyecto.','Analisis',576887);
INSERT INTO actividad VALUES (3,'Analizar procesos, datos y necesidades del centro de electricidad, electronica y telecomunicaciones y el usuario final para el modulo especifico.','Analisis',576887);
INSERT INTO actividad VALUES (4,'Especificar Modelo Conceptual del sistema,especificando necesidades y requerimientos.','Planeación',576887);
INSERT INTO actividad VALUES (5,'Determinar la estructura lógica del sistema.','Planeación',576887);
INSERT INTO actividad VALUES (6,'Diseñar  la estructura tecnológica  del sistema integral.','Planeación',576887);
INSERT INTO actividad VALUES (7,'Desarrollar la estructura de datos y de vista de la aplicación del modulo.','Ejecución',569629);
INSERT INTO actividad VALUES (8,'Desarrollo los módulos del sistema integral web de acuerdo a los estándares de calidad y normatividad  legal vigente.','Ejecución',569629);
INSERT INTO actividad VALUES (9,'Preparar documentación del proceso de implantación del sistema.','Evaluación',558200);
INSERT INTO actividad VALUES (10,'Desarrollar las tareas de configuración y puesta en marcha del sistema.','Evaluación',558200);
INSERT INTO actividad VALUES (11,'Elaborar informes y procesos de evaluación para la validación de los productos e implantación del sistema determinanrecursos.','Evaluación',558200);
select * from actividad;
INSERT INTO disponibilidad_competencia VALUES (6103538,'CC',220501006-01,220501006,228106,102);
INSERT INTO disponibilidad_competencia VALUES (6567039,'CC',220501006-01,220501006,228106,102);
INSERT INTO disponibilidad_competencia VALUES (7186130,'CC',220501006-01,220501006,228106,102);
INSERT INTO disponibilidad_competencia VALUES (7318214,'CC',220501006-01,220501006,228106,102);
INSERT INTO disponibilidad_competencia VALUES (7688181,'CC',220501006-01,220501006,228106,102);
INSERT INTO disponibilidad_competencia VALUES (11315985,'CC',220501006-01,220501006,228106,102);
INSERT INTO disponibilidad_competencia VALUES (11318769,'CC',220501006-01,220501006,228106,102);
INSERT INTO disponibilidad_competencia VALUES (19151403,'CC',220501006-01,220501006,228106,102);
INSERT INTO disponibilidad_competencia VALUES (19418118,'CC',220501006-02,220501006,228106,102);
INSERT INTO disponibilidad_competencia VALUES (28540464,'CC',220501006-02,220501006,228106,102);
INSERT INTO disponibilidad_competencia VALUES (35422861,'CC',220501006-02,220501006,228106,102);
INSERT INTO disponibilidad_competencia VALUES (39573531,'CC',220501006-02,220501006,228106,102);
INSERT INTO disponibilidad_competencia VALUES (52531524,'CC',220501006-02,220501006,228106,102);
INSERT INTO disponibilidad_competencia VALUES (52961282,'CC',220501006-02,220501006,228106,102);
INSERT INTO disponibilidad_competencia VALUES (53013351,'CC',220501006-02,220501006,228106,102);
INSERT INTO disponibilidad_competencia VALUES (53046684,'CC',220501006-02,220501006,228106,102);
INSERT INTO disponibilidad_competencia VALUES (53075708,'CC',220501006-02,220501006,228106,102);
INSERT INTO disponibilidad_competencia VALUES (55228385,'CC',220501006-02,220501006,228106,102);
INSERT INTO disponibilidad_competencia VALUES (60377930,'CC',220501006-02,220501006,228106,102);
INSERT INTO disponibilidad_competencia VALUES (79212967,'CC',220501006-02,220501006,228106,102);
INSERT INTO disponibilidad_competencia VALUES (79283043,'CC',220501006-02,220501006,228106,102);
INSERT INTO disponibilidad_competencia VALUES (79369666,'CC',220501006-02,220501006,228106,102);
INSERT INTO disponibilidad_competencia VALUES (79447030,'CC',220501006-02,220501006,228106,102);
INSERT INTO disponibilidad_competencia VALUES (79484046,'CC',220501006-02,220501006,228106,102);
INSERT INTO disponibilidad_competencia VALUES (1012433958,'CC',220501006-03,220501006,228106,102);
INSERT INTO disponibilidad_competencia VALUES (1014188142,'CC',220501006-03,220501006,228106,102);
INSERT INTO disponibilidad_competencia VALUES (1018424087,'CC',220501006-03,220501006,228106,102);
INSERT INTO disponibilidad_competencia VALUES (1026256946,'CC',220501006-03,220501006,228106,102);
INSERT INTO disponibilidad_competencia VALUES (1030553623,'CC',220501006-03,220501006,228106,102);
INSERT INTO disponibilidad_competencia VALUES (1032412460,'CC',220501006-03,220501006,228106,102);
INSERT INTO disponibilidad_competencia VALUES (1075239657,'CC',220501006-03,220501006,228106,102);
INSERT INTO disponibilidad_competencia VALUES (1077431133,'CC',220501006-03,220501006,228106,102);
INSERT INTO disponibilidad_competencia VALUES (1121832605,'CC',220501006-03,220501006,228106,102);
INSERT INTO disponibilidad_competencia VALUES (6103538,'CC',220501007-01,220501007,228106,102);
INSERT INTO disponibilidad_competencia VALUES (6567039,'CC',220501007-01,220501007,228106,102);
INSERT INTO disponibilidad_competencia VALUES (7186130,'CC',220501007-01,220501007,228106,102);
INSERT INTO disponibilidad_competencia VALUES (7318214,'CC',220501007-01,220501007,228106,102);
INSERT INTO disponibilidad_competencia VALUES (7688181,'CC',220501007-01,220501007,228106,102);
INSERT INTO disponibilidad_competencia VALUES (28540464,'CC',220501007-02,220501007,228106,102);
INSERT INTO disponibilidad_competencia VALUES (35422861,'CC',220501007-02,220501007,228106,102);
INSERT INTO disponibilidad_competencia VALUES (39573531,'CC',220501007-02,220501007,228106,102);
INSERT INTO disponibilidad_competencia VALUES (52531524,'CC',220501007-02,220501007,228106,102);
INSERT INTO disponibilidad_competencia VALUES (52961282,'CC',220501007-02,220501007,228106,102);
INSERT INTO disponibilidad_competencia VALUES (53013351,'CC',220501007-02,220501007,228106,102);
INSERT INTO disponibilidad_competencia VALUES (53046684,'CC',220501007-02,220501007,228106,102);
INSERT INTO disponibilidad_competencia VALUES (53075708,'CC',220501007-02,220501007,228106,102);
INSERT INTO disponibilidad_competencia VALUES (55228385,'CC',220501007-02,220501007,228106,102);
INSERT INTO disponibilidad_competencia VALUES (60377930,'CC',220501007-02,220501007,228106,102);
INSERT INTO disponibilidad_competencia VALUES (79212967,'CC',220501007-02,220501007,228106,102);
INSERT INTO disponibilidad_competencia VALUES (79283043,'CC',220501007-02,220501007,228106,102);
INSERT INTO disponibilidad_competencia VALUES (79369666,'CC',220501007-02,220501007,228106,102);
INSERT INTO disponibilidad_competencia VALUES (79447030,'CC',220501007-02,220501007,228106,102);
INSERT INTO disponibilidad_competencia VALUES (79484046,'CC',220501007-02,220501007,228106,102);
INSERT INTO disponibilidad_competencia VALUES (79638745,'CC',220501007-02,220501007,228106,102);
INSERT INTO disponibilidad_competencia VALUES (79690002,'CC',220501007-02,220501007,228106,102);
INSERT INTO disponibilidad_competencia VALUES (79828247,'CC',220501007-02,220501007,228106,102);
INSERT INTO disponibilidad_competencia VALUES (79835210,'CC',220501007-02,220501007,228106,102);
INSERT INTO disponibilidad_competencia VALUES (79880818,'CC',220501007-02,220501007,228106,102);
INSERT INTO disponibilidad_competencia VALUES (80013833,'CC',220501007-02,220501007,228106,102);
INSERT INTO disponibilidad_competencia VALUES (80101301,'CC',220501007-02,220501007,228106,102);
INSERT INTO disponibilidad_competencia VALUES (80226980,'CC',220501007-02,220501007,228106,102);
INSERT INTO disponibilidad_competencia VALUES (80751834,'CC',220501007-02,220501007,228106,102);
INSERT INTO disponibilidad_competencia VALUES (80799674,'CC',220501007-02,220501007,228106,102);
INSERT INTO disponibilidad_competencia VALUES (80830327,'CC',220501007-02,220501007,228106,102);
INSERT INTO disponibilidad_competencia VALUES (80871597,'CC',220501007-02,220501007,228106,102);
INSERT INTO disponibilidad_competencia VALUES (86065505,'CC',220501007-02,220501007,228106,102);
INSERT INTO disponibilidad_competencia VALUES (6103538,'CC',220501007-03,220501007,228106,102);
INSERT INTO disponibilidad_competencia VALUES (52531524,'CC',220501007-03,220501007,228106,102);
INSERT INTO disponibilidad_competencia VALUES (52961282,'CC',220501007-03,220501007,228106,102);
INSERT INTO disponibilidad_competencia VALUES (53013351,'CC',220501007-03,220501007,228106,102);
INSERT INTO disponibilidad_competencia VALUES (53046684,'CC',220501007-03,220501007,228106,102);
INSERT INTO disponibilidad_competencia VALUES (53075708,'CC',220501007-03,220501007,228106,102);
INSERT INTO disponibilidad_competencia VALUES (55228385,'CC',220501007-03,220501007,228106,102);
INSERT INTO disponibilidad_competencia VALUES (60377930,'CC',220501007-03,220501007,228106,102);
INSERT INTO disponibilidad_competencia VALUES (79212967,'CC',220501007-03,220501007,228106,102);
INSERT INTO disponibilidad_competencia VALUES (79283043,'CC',220501007-03,220501007,228106,102);
INSERT INTO disponibilidad_competencia VALUES (79369666,'CC',220501007-03,220501007,228106,102);
INSERT INTO disponibilidad_competencia VALUES (79447030,'CC',220501007-03,220501007,228106,102);
INSERT INTO disponibilidad_competencia VALUES (79484046,'CC',220501007-03,220501007,228106,102);
INSERT INTO disponibilidad_competencia VALUES (79638745,'CC',220501007-03,220501007,228106,102);
INSERT INTO disponibilidad_competencia VALUES (79690002,'CC',220501007-03,220501007,228106,102);
INSERT INTO disponibilidad_competencia VALUES (1077431133,'CC',220501007-03,220501007,228106,102);
INSERT INTO disponibilidad_competencia VALUES (1121832605,'CC',220501007-03,220501007,228106,102);
INSERT INTO disponibilidad_competencia VALUES (6103538,'CC',220501007-04,220501007,228106,102);
INSERT INTO disponibilidad_competencia VALUES (6567039,'CC',220501007-04,220501007,228106,102);
INSERT INTO disponibilidad_competencia VALUES (7186130,'CC',220501007-04,220501007,228106,102);
INSERT INTO disponibilidad_competencia VALUES (53075708,'CC',220501007-04,220501007,228106,102);
INSERT INTO disponibilidad_competencia VALUES (55228385,'CC',220501007-04,220501007,228106,102);
INSERT INTO disponibilidad_competencia VALUES (60377930,'CC',220501007-04,220501007,228106,102);
INSERT INTO disponibilidad_competencia VALUES (79212967,'CC',220501007-04,220501007,228106,102);
INSERT INTO disponibilidad_competencia VALUES (79283043,'CC',220501007-04,220501007,228106,102);
INSERT INTO disponibilidad_competencia VALUES (79369666,'CC',220501007-04,220501007,228106,102);
INSERT INTO disponibilidad_competencia VALUES (79447030,'CC',220501007-04,220501007,228106,102);
INSERT INTO disponibilidad_competencia VALUES (79484046,'CC',220501007-04,220501007,228106,102);
INSERT INTO disponibilidad_competencia VALUES (79638745,'CC',220501007-04,220501007,228106,102);
INSERT INTO disponibilidad_competencia VALUES (79690002,'CC',220501007-04,220501007,228106,102);
INSERT INTO disponibilidad_competencia VALUES (79828247,'CC',220501007-04,220501007,228106,102);
INSERT INTO disponibilidad_competencia VALUES (80226980,'CC',220501007-04,220501007,228106,102);
INSERT INTO disponibilidad_competencia VALUES (80751834,'CC',220501007-04,220501007,228106,102);
INSERT INTO disponibilidad_competencia VALUES (80799674,'CC',220501007-04,220501007,228106,102);
INSERT INTO disponibilidad_competencia VALUES (80830327,'CC',220501007-04,220501007,228106,102);
INSERT INTO disponibilidad_competencia VALUES (80871597,'CC',220501007-04,220501007,228106,102);
INSERT INTO disponibilidad_competencia VALUES (86065505,'CC',220501007-04,220501007,228106,102);
INSERT INTO disponibilidad_competencia VALUES (91431461,'CC',220501007-04,220501007,228106,102);
INSERT INTO disponibilidad_competencia VALUES (93414050,'CC',220501007-04,220501007,228106,102);
INSERT INTO disponibilidad_competencia VALUES (94419239,'CC',220501007-04,220501007,228106,102);
INSERT INTO disponibilidad_competencia VALUES (1012433958,'CC',220501007-04,220501007,228106,102);
INSERT INTO disponibilidad_competencia VALUES (1014188142,'CC',220501007-04,220501007,228106,102);
INSERT INTO disponibilidad_competencia VALUES (1018424087,'CC',220501007-04,220501007,228106,102);
INSERT INTO disponibilidad_competencia VALUES (1026256946,'CC',220501007-04,220501007,228106,102);
INSERT INTO disponibilidad_competencia VALUES (1030553623,'CC',220501007-04,220501007,228106,102);
INSERT INTO disponibilidad_competencia VALUES (1032412460,'CC',220501007-04,220501007,228106,102);
INSERT INTO disponibilidad_competencia VALUES (1075239657,'CC',220501007-05,220501007,228106,102);
INSERT INTO disponibilidad_competencia VALUES (1077431133,'CC',220501007-05,220501007,228106,102);
INSERT INTO disponibilidad_competencia VALUES (1121832605,'CC',220501007-05,220501007,228106,102);
INSERT INTO disponibilidad_competencia VALUES (6103538,'CC',220501007-06,220501007,228106,102);
INSERT INTO disponibilidad_competencia VALUES (6567039,'CC',220501007-06,220501007,228106,102);
INSERT INTO disponibilidad_competencia VALUES (7186130,'CC',220501007-06,220501007,228106,102);
INSERT INTO disponibilidad_competencia VALUES (7318214,'CC',220501007-06,220501007,228106,102);
INSERT INTO disponibilidad_competencia VALUES (7688181,'CC',220501007-06,220501007,228106,102);
INSERT INTO disponibilidad_competencia VALUES (11315985,'CC',220501007-06,220501007,228106,102);
INSERT INTO disponibilidad_competencia VALUES (79638745,'CC',220501007-06,220501007,228106,102);
INSERT INTO disponibilidad_competencia VALUES (79690002,'CC',220501007-06,220501007,228106,102);
INSERT INTO disponibilidad_competencia VALUES (79828247,'CC',220501007-06,220501007,228106,102);
INSERT INTO disponibilidad_competencia VALUES (79835210,'CC',220501007-06,220501007,228106,102);
INSERT INTO disponibilidad_competencia VALUES (79880818,'CC',220501007-06,220501007,228106,102);
INSERT INTO disponibilidad_competencia VALUES (80013833,'CC',220501007-06,220501007,228106,102);
INSERT INTO disponibilidad_competencia VALUES (80101301,'CC',220501007-06,220501007,228106,102);
INSERT INTO disponibilidad_competencia VALUES (80226980,'CC',220501007-06,220501007,228106,102);
INSERT INTO disponibilidad_competencia VALUES (80751834,'CC',220501007-06,220501007,228106,102);
INSERT INTO disponibilidad_competencia VALUES (80799674,'CC',220501007-06,220501007,228106,102);
INSERT INTO disponibilidad_competencia VALUES (80830327,'CC',220501007-06,220501007,228106,102);
INSERT INTO disponibilidad_competencia VALUES (80871597,'CC',220501007-06,220501007,228106,102);
INSERT INTO disponibilidad_competencia VALUES (86065505,'CC',220501007-06,220501007,228106,102);
INSERT INTO disponibilidad_competencia VALUES (91431461,'CC',220501007-06,220501007,228106,102);
INSERT INTO disponibilidad_competencia VALUES (1012433958,'CC',220501007-06,220501007,228106,102);
INSERT INTO disponibilidad_competencia VALUES (1014188142,'CC',220501007-06,220501007,228106,102);
INSERT INTO disponibilidad_competencia VALUES (1018424087,'CC',220501007-06,220501007,228106,102);
INSERT INTO disponibilidad_competencia VALUES (1026256946,'CC',220501007-06,220501007,228106,102);
INSERT INTO disponibilidad_competencia VALUES (1077431133,'CC',220501007-07,220501007,228106,102);
INSERT INTO disponibilidad_competencia VALUES (1121832605,'CC',220501007-07,220501007,228106,102);
INSERT INTO disponibilidad_competencia VALUES (6103538,'CC',220501009-01,220501009,228106,102);
INSERT INTO disponibilidad_competencia VALUES (6567039,'CC',220501009-01,220501009,228106,102);
INSERT INTO disponibilidad_competencia VALUES (7186130,'CC',220501009-01,220501009,228106,102);
INSERT INTO disponibilidad_competencia VALUES (19357773,'CC',220501009-01,220501009,228106,102);
INSERT INTO disponibilidad_competencia VALUES (19418118,'CC',220501009-01,220501009,228106,102);
INSERT INTO disponibilidad_competencia VALUES (28540464,'CC',220501009-01,220501009,228106,102);
INSERT INTO disponibilidad_competencia VALUES (35422861,'CC',220501009-01,220501009,228106,102);
INSERT INTO disponibilidad_competencia VALUES (39573531,'CC',220501009-01,220501009,228106,102);
INSERT INTO disponibilidad_competencia VALUES (52531524,'CC',220501009-01,220501009,228106,102);
INSERT INTO disponibilidad_competencia VALUES (52961282,'CC',220501009-01,220501009,228106,102);
INSERT INTO disponibilidad_competencia VALUES (53075708,'CC',220501009-01,220501009,228106,102);
INSERT INTO disponibilidad_competencia VALUES (55228385,'CC',220501009-01,220501009,228106,102);
INSERT INTO disponibilidad_competencia VALUES (60377930,'CC',220501009-01,220501009,228106,102);
INSERT INTO disponibilidad_competencia VALUES (79212967,'CC',220501009-01,220501009,228106,102);
INSERT INTO disponibilidad_competencia VALUES (79283043,'CC',220501009-01,220501009,228106,102);
INSERT INTO disponibilidad_competencia VALUES (79369666,'CC',220501009-01,220501009,228106,102);
INSERT INTO disponibilidad_competencia VALUES (79447030,'CC',220501009-01,220501009,228106,102);
INSERT INTO disponibilidad_competencia VALUES (79484046,'CC',220501009-01,220501009,228106,102);
INSERT INTO disponibilidad_competencia VALUES (79638745,'CC',220501009-01,220501009,228106,102);
INSERT INTO disponibilidad_competencia VALUES (79690002,'CC',220501009-01,220501009,228106,102);
INSERT INTO disponibilidad_competencia VALUES (79880818,'CC',220501009-01,220501009,228106,102);
INSERT INTO disponibilidad_competencia VALUES (80013833,'CC',220501009-01,220501009,228106,102);
INSERT INTO disponibilidad_competencia VALUES (80101301,'CC',220501009-01,220501009,228106,102);
INSERT INTO disponibilidad_competencia VALUES (80871597,'CC',220501009-01,220501009,228106,102);
INSERT INTO disponibilidad_competencia VALUES (86065505,'CC',220501009-01,220501009,228106,102);
INSERT INTO disponibilidad_competencia VALUES (91431461,'CC',220501009-01,220501009,228106,102);
INSERT INTO disponibilidad_competencia VALUES (93414050,'CC',220501009-01,220501009,228106,102);
INSERT INTO disponibilidad_competencia VALUES (94419239,'CC',220501009-01,220501009,228106,102);
INSERT INTO disponibilidad_competencia VALUES (1012433958,'CC',220501009-01,220501009,228106,102);
INSERT INTO disponibilidad_competencia VALUES (1014188142,'CC',220501009-01,220501009,228106,102);
INSERT INTO disponibilidad_competencia VALUES (1018424087,'CC',220501009-01,220501009,228106,102);
INSERT INTO disponibilidad_competencia VALUES (1121832605,'CC',220501009-01,220501009,228106,102);
INSERT INTO disponibilidad_competencia VALUES (79880818,'CC',220501009-02,220501009,228106,102);
INSERT INTO disponibilidad_competencia VALUES (80013833,'CC',220501009-02,220501009,228106,102);
INSERT INTO disponibilidad_competencia VALUES (80101301,'CC',220501009-02,220501009,228106,102);
INSERT INTO disponibilidad_competencia VALUES (80226980,'CC',220501009-02,220501009,228106,102);
INSERT INTO disponibilidad_competencia VALUES (80751834,'CC',220501009-02,220501009,228106,102);
INSERT INTO disponibilidad_competencia VALUES (80799674,'CC',220501009-02,220501009,228106,102);
INSERT INTO disponibilidad_competencia VALUES (80830327,'CC',220501009-02,220501009,228106,102);
INSERT INTO disponibilidad_competencia VALUES (80871597,'CC',220501009-02,220501009,228106,102);
INSERT INTO disponibilidad_competencia VALUES (86065505,'CC',220501009-02,220501009,228106,102);
INSERT INTO disponibilidad_competencia VALUES (91431461,'CC',220501009-02,220501009,228106,102);
INSERT INTO disponibilidad_competencia VALUES (93414050,'CC',220501009-02,220501009,228106,102);
INSERT INTO disponibilidad_competencia VALUES (94419239,'CC',220501009-02,220501009,228106,102);
INSERT INTO disponibilidad_competencia VALUES (1012433958,'CC',220501009-02,220501009,228106,102);
INSERT INTO disponibilidad_competencia VALUES (1014188142,'CC',220501009-02,220501009,228106,102);
INSERT INTO disponibilidad_competencia VALUES (1018424087,'CC',220501009-02,220501009,228106,102);
INSERT INTO disponibilidad_competencia VALUES (1026256946,'CC',220501009-02,220501009,228106,102);
INSERT INTO disponibilidad_competencia VALUES (1030553623,'CC',220501009-02,220501009,228106,102);
INSERT INTO disponibilidad_competencia VALUES (1032412460,'CC',220501009-02,220501009,228106,102);
INSERT INTO disponibilidad_competencia VALUES (1075239657,'CC',220501009-02,220501009,228106,102);
INSERT INTO disponibilidad_competencia VALUES (1077431133,'CC',220501009-02,220501009,228106,102);
INSERT INTO disponibilidad_competencia VALUES (1121832605,'CC',220501009-02,220501009,228106,102);
INSERT INTO disponibilidad_competencia VALUES (6103538,'CC',220501009-03,220501009,228106,102);
INSERT INTO disponibilidad_competencia VALUES (79638745,'CC',220501009-03,220501009,228106,102);
INSERT INTO disponibilidad_competencia VALUES (79690002,'CC',220501009-03,220501009,228106,102);
INSERT INTO disponibilidad_competencia VALUES (79828247,'CC',220501009-03,220501009,228106,102);
INSERT INTO disponibilidad_competencia VALUES (79835210,'CC',220501009-03,220501009,228106,102);
INSERT INTO disponibilidad_competencia VALUES (79880818,'CC',220501009-03,220501009,228106,102);
INSERT INTO disponibilidad_competencia VALUES (80013833,'CC',220501009-03,220501009,228106,102);
INSERT INTO disponibilidad_competencia VALUES (80101301,'CC',220501009-03,220501009,228106,102);
INSERT INTO disponibilidad_competencia VALUES (80226980,'CC',220501009-03,220501009,228106,102);
INSERT INTO disponibilidad_competencia VALUES (80751834,'CC',220501009-03,220501009,228106,102);
INSERT INTO disponibilidad_competencia VALUES (80799674,'CC',220501009-03,220501009,228106,102);
INSERT INTO disponibilidad_competencia VALUES (80830327,'CC',220501009-03,220501009,228106,102);
INSERT INTO disponibilidad_competencia VALUES (80871597,'CC',220501009-03,220501009,228106,102);
INSERT INTO disponibilidad_competencia VALUES (86065505,'CC',220501009-03,220501009,228106,102);
INSERT INTO disponibilidad_competencia VALUES (91431461,'CC',220501009-03,220501009,228106,102);
INSERT INTO disponibilidad_competencia VALUES (1075239657,'CC',220501009-03,220501009,228106,102);
INSERT INTO disponibilidad_competencia VALUES (1077431133,'CC',220501009-03,220501009,228106,102);
INSERT INTO disponibilidad_competencia VALUES (1121832605,'CC',220501009-03,220501009,228106,102);
INSERT INTO disponibilidad_competencia VALUES (6103538,'CC',220501009-04,220501009,228106,102);
INSERT INTO disponibilidad_competencia VALUES (6567039,'CC',220501009-04,220501009,228106,102);
INSERT INTO disponibilidad_competencia VALUES (7186130,'CC',220501009-04,220501009,228106,102);
INSERT INTO disponibilidad_competencia VALUES (7318214,'CC',220501009-04,220501009,228106,102);
INSERT INTO disponibilidad_competencia VALUES (1032412460,'CC',220501009-04,220501009,228106,102);
INSERT INTO disponibilidad_competencia VALUES (1075239657,'CC',220501009-04,220501009,228106,102);
INSERT INTO disponibilidad_competencia VALUES (1077431133,'CC',220501009-04,220501009,228106,102);
INSERT INTO disponibilidad_competencia VALUES (1121832605,'CC',220501009-04,220501009,228106,102);
INSERT INTO disponibilidad_competencia VALUES (6103538,'CC',220501032-01,220501032,228106,102);
INSERT INTO disponibilidad_competencia VALUES (6567039,'CC',220501032-01,220501032,228106,102);
INSERT INTO disponibilidad_competencia VALUES (6103538,'CC',220501032-02,220501032,228106,102);
INSERT INTO disponibilidad_competencia VALUES (6567039,'CC',220501032-02,220501032,228106,102);
INSERT INTO disponibilidad_competencia VALUES (7186130,'CC',220501032-02,220501032,228106,102);
INSERT INTO disponibilidad_competencia VALUES (7318214,'CC',220501032-02,220501032,228106,102);
INSERT INTO disponibilidad_competencia VALUES (7688181,'CC',220501032-02,220501032,228106,102);
INSERT INTO disponibilidad_competencia VALUES (94419239,'CC',220501032-02,220501032,228106,102);
INSERT INTO disponibilidad_competencia VALUES (1012433958,'CC',220501032-02,220501032,228106,102);
INSERT INTO disponibilidad_competencia VALUES (1014188142,'CC',220501032-02,220501032,228106,102);
INSERT INTO disponibilidad_competencia VALUES (1018424087,'CC',220501032-02,220501032,228106,102);
INSERT INTO disponibilidad_competencia VALUES (1026256946,'CC',220501032-02,220501032,228106,102);
INSERT INTO disponibilidad_competencia VALUES (1030553623,'CC',220501032-02,220501032,228106,102);
INSERT INTO disponibilidad_competencia VALUES (1032412460,'CC',220501032-02,220501032,228106,102);
INSERT INTO disponibilidad_competencia VALUES (1075239657,'CC',220501032-02,220501032,228106,102);
INSERT INTO disponibilidad_competencia VALUES (1077431133,'CC',220501032-02,220501032,228106,102);
INSERT INTO disponibilidad_competencia VALUES (1121832605,'CC',220501032-02,220501032,228106,102);
INSERT INTO disponibilidad_competencia VALUES (6103538,'CC',220501032-03,220501032,228106,102);
INSERT INTO disponibilidad_competencia VALUES (6567039,'CC',220501032-03,220501032,228106,102);
INSERT INTO disponibilidad_competencia VALUES (7186130,'CC',220501032-03,220501032,228106,102);
INSERT INTO disponibilidad_competencia VALUES (11315985,'CC',220501032-03,220501032,228106,102);
INSERT INTO disponibilidad_competencia VALUES (11318769,'CC',220501032-03,220501032,228106,102);
INSERT INTO disponibilidad_competencia VALUES (19151403,'CC',220501032-03,220501032,228106,102);
INSERT INTO disponibilidad_competencia VALUES (19357773,'CC',220501032-03,220501032,228106,102);
INSERT INTO disponibilidad_competencia VALUES (19418118,'CC',220501032-03,220501032,228106,102);
INSERT INTO disponibilidad_competencia VALUES (28540464,'CC',220501032-03,220501032,228106,102);
INSERT INTO disponibilidad_competencia VALUES (53046684,'CC',220501032-03,220501032,228106,102);
INSERT INTO disponibilidad_competencia VALUES (53075708,'CC',220501032-03,220501032,228106,102);
INSERT INTO disponibilidad_competencia VALUES (55228385,'CC',220501032-03,220501032,228106,102);
INSERT INTO disponibilidad_competencia VALUES (60377930,'CC',220501032-03,220501032,228106,102);
INSERT INTO disponibilidad_competencia VALUES (79212967,'CC',220501032-03,220501032,228106,102);
INSERT INTO disponibilidad_competencia VALUES (79283043,'CC',220501032-03,220501032,228106,102);
INSERT INTO disponibilidad_competencia VALUES (79369666,'CC',220501032-03,220501032,228106,102);
INSERT INTO disponibilidad_competencia VALUES (79447030,'CC',220501032-03,220501032,228106,102);
INSERT INTO disponibilidad_competencia VALUES (79484046,'CC',220501032-03,220501032,228106,102);
INSERT INTO disponibilidad_competencia VALUES (79638745,'CC',220501032-03,220501032,228106,102);
INSERT INTO disponibilidad_competencia VALUES (79690002,'CC',220501032-03,220501032,228106,102);
INSERT INTO disponibilidad_competencia VALUES (79828247,'CC',220501032-03,220501032,228106,102);
INSERT INTO disponibilidad_competencia VALUES (79835210,'CC',220501032-03,220501032,228106,102);
INSERT INTO disponibilidad_competencia VALUES (79880818,'CC',220501032-03,220501032,228106,102);
INSERT INTO disponibilidad_competencia VALUES (80013833,'CC',220501032-03,220501032,228106,102);
INSERT INTO disponibilidad_competencia VALUES (80101301,'CC',220501032-03,220501032,228106,102);
INSERT INTO disponibilidad_competencia VALUES (80226980,'CC',220501032-03,220501032,228106,102);
INSERT INTO disponibilidad_competencia VALUES (86065505,'CC',220501032-03,220501032,228106,102);
INSERT INTO disponibilidad_competencia VALUES (91431461,'CC',220501032-03,220501032,228106,102);
INSERT INTO disponibilidad_competencia VALUES (93414050,'CC',220501032-03,220501032,228106,102);
INSERT INTO disponibilidad_competencia VALUES (1032412460,'CC',220501032-03,220501032,228106,102);
INSERT INTO disponibilidad_competencia VALUES (1075239657,'CC',220501032-03,220501032,228106,102);
INSERT INTO disponibilidad_competencia VALUES (1077431133,'CC',220501032-03,220501032,228106,102);
INSERT INTO disponibilidad_competencia VALUES (1121832605,'CC',220501032-03,220501032,228106,102);
INSERT INTO disponibilidad_competencia VALUES (53013351,'CC',220501032-04,220501032,228106,102);
INSERT INTO disponibilidad_competencia VALUES (53046684,'CC',220501032-04,220501032,228106,102);
INSERT INTO disponibilidad_competencia VALUES (53075708,'CC',220501032-04,220501032,228106,102);
INSERT INTO disponibilidad_competencia VALUES (55228385,'CC',220501032-04,220501032,228106,102);
INSERT INTO disponibilidad_competencia VALUES (60377930,'CC',220501032-04,220501032,228106,102);
INSERT INTO disponibilidad_competencia VALUES (79212967,'CC',220501032-04,220501032,228106,102);
INSERT INTO disponibilidad_competencia VALUES (79283043,'CC',220501032-04,220501032,228106,102);
INSERT INTO disponibilidad_competencia VALUES (79369666,'CC',220501032-04,220501032,228106,102);
INSERT INTO disponibilidad_competencia VALUES (79447030,'CC',220501032-04,220501032,228106,102);
INSERT INTO disponibilidad_competencia VALUES (79484046,'CC',220501032-04,220501032,228106,102);
INSERT INTO disponibilidad_competencia VALUES (1075239657,'CC',220501032-04,220501032,228106,102);
INSERT INTO disponibilidad_competencia VALUES (1077431133,'CC',220501032-04,220501032,228106,102);
INSERT INTO disponibilidad_competencia VALUES (1121832605,'CC',220501032-04,220501032,228106,102);
INSERT INTO disponibilidad_competencia VALUES (6103538,'CC',220501032-05,220501032,228106,102);
INSERT INTO disponibilidad_competencia VALUES (6567039,'CC',220501032-05,220501032,228106,102);
INSERT INTO disponibilidad_competencia VALUES (7186130,'CC',220501032-05,220501032,228106,102);
INSERT INTO disponibilidad_competencia VALUES (7318214,'CC',220501032-05,220501032,228106,102);
INSERT INTO disponibilidad_competencia VALUES (28540464,'CC',220501032-05,220501032,228106,102);
INSERT INTO disponibilidad_competencia VALUES (35422861,'CC',220501032-05,220501032,228106,102);
INSERT INTO disponibilidad_competencia VALUES (39573531,'CC',220501032-05,220501032,228106,102);
INSERT INTO disponibilidad_competencia VALUES (52531524,'CC',220501032-05,220501032,228106,102);
INSERT INTO disponibilidad_competencia VALUES (52961282,'CC',220501032-05,220501032,228106,102);
INSERT INTO disponibilidad_competencia VALUES (53013351,'CC',220501032-05,220501032,228106,102);
INSERT INTO disponibilidad_competencia VALUES (53046684,'CC',220501032-05,220501032,228106,102);
INSERT INTO disponibilidad_competencia VALUES (53075708,'CC',220501032-05,220501032,228106,102);
INSERT INTO disponibilidad_competencia VALUES (55228385,'CC',220501032-05,220501032,228106,102);
INSERT INTO disponibilidad_competencia VALUES (60377930,'CC',220501032-05,220501032,228106,102);
INSERT INTO disponibilidad_competencia VALUES (79212967,'CC',220501032-05,220501032,228106,102);
INSERT INTO disponibilidad_competencia VALUES (79283043,'CC',220501032-05,220501032,228106,102);
INSERT INTO disponibilidad_competencia VALUES (79369666,'CC',220501032-05,220501032,228106,102);
INSERT INTO disponibilidad_competencia VALUES (79447030,'CC',220501032-05,220501032,228106,102);
INSERT INTO disponibilidad_competencia VALUES (79484046,'CC',220501032-05,220501032,228106,102);
INSERT INTO disponibilidad_competencia VALUES (79638745,'CC',220501032-05,220501032,228106,102);
INSERT INTO disponibilidad_competencia VALUES (79690002,'CC',220501032-05,220501032,228106,102);
INSERT INTO disponibilidad_competencia VALUES (79828247,'CC',220501032-05,220501032,228106,102);
INSERT INTO disponibilidad_competencia VALUES (79835210,'CC',220501032-05,220501032,228106,102);
INSERT INTO disponibilidad_competencia VALUES (79880818,'CC',220501032-05,220501032,228106,102);
INSERT INTO disponibilidad_competencia VALUES (80013833,'CC',220501032-05,220501032,228106,102);
INSERT INTO disponibilidad_competencia VALUES (80101301,'CC',220501032-05,220501032,228106,102);
INSERT INTO disponibilidad_competencia VALUES (80226980,'CC',220501032-05,220501032,228106,102);
INSERT INTO disponibilidad_competencia VALUES (80751834,'CC',220501032-05,220501032,228106,102);
INSERT INTO disponibilidad_competencia VALUES (80799674,'CC',220501032-05,220501032,228106,102);
INSERT INTO disponibilidad_competencia VALUES (80830327,'CC',220501032-05,220501032,228106,102);
INSERT INTO disponibilidad_competencia VALUES (1018424087,'CC',220501032-05,220501032,228106,102);
INSERT INTO disponibilidad_competencia VALUES (1026256946,'CC',220501032-05,220501032,228106,102);
INSERT INTO disponibilidad_competencia VALUES (1030553623,'CC',220501032-05,220501032,228106,102);
INSERT INTO disponibilidad_competencia VALUES (6103538,'CC',220501033-01,220501033,228106,102);
INSERT INTO disponibilidad_competencia VALUES (6567039,'CC',220501033-01,220501033,228106,102);
INSERT INTO disponibilidad_competencia VALUES (7186130,'CC',220501033-01,220501033,228106,102);
INSERT INTO disponibilidad_competencia VALUES (7318214,'CC',220501033-01,220501033,228106,102);
INSERT INTO disponibilidad_competencia VALUES (35422861,'CC',220501033-01,220501033,228106,102);
INSERT INTO disponibilidad_competencia VALUES (39573531,'CC',220501033-01,220501033,228106,102);
INSERT INTO disponibilidad_competencia VALUES (52531524,'CC',220501033-01,220501033,228106,102);
INSERT INTO disponibilidad_competencia VALUES (52961282,'CC',220501033-01,220501033,228106,102);
INSERT INTO disponibilidad_competencia VALUES (53013351,'CC',220501033-01,220501033,228106,102);
INSERT INTO disponibilidad_competencia VALUES (53046684,'CC',220501033-01,220501033,228106,102);
INSERT INTO disponibilidad_competencia VALUES (53075708,'CC',220501033-01,220501033,228106,102);
INSERT INTO disponibilidad_competencia VALUES (55228385,'CC',220501033-01,220501033,228106,102);
INSERT INTO disponibilidad_competencia VALUES (60377930,'CC',220501033-01,220501033,228106,102);
INSERT INTO disponibilidad_competencia VALUES (79212967,'CC',220501033-01,220501033,228106,102);
INSERT INTO disponibilidad_competencia VALUES (79283043,'CC',220501033-01,220501033,228106,102);
INSERT INTO disponibilidad_competencia VALUES (79369666,'CC',220501033-01,220501033,228106,102);
INSERT INTO disponibilidad_competencia VALUES (79447030,'CC',220501033-01,220501033,228106,102);
INSERT INTO disponibilidad_competencia VALUES (79484046,'CC',220501033-01,220501033,228106,102);
INSERT INTO disponibilidad_competencia VALUES (1030553623,'CC',220501033-01,220501033,228106,102);
INSERT INTO disponibilidad_competencia VALUES (1032412460,'CC',220501033-01,220501033,228106,102);
INSERT INTO disponibilidad_competencia VALUES (1075239657,'CC',220501033-01,220501033,228106,102);
INSERT INTO disponibilidad_competencia VALUES (1077431133,'CC',220501033-01,220501033,228106,102);
INSERT INTO disponibilidad_competencia VALUES (1121832605,'CC',220501033-01,220501033,228106,102);
select * from disponibilidad_competencia;
INSERT INTO servidor_correo_electronico VALUES ('elcorreo@prueba.com', 'CONTRASENIA', 'Recuperación de contraseña ODP', 'Su contraseña de recuperacion es');
select * from servidor_correo_electronico;
